ctime,datname,pid,usesysid,usename,application_name,client_addr,client_port,backend_start,xact_start,query_start,waiting,query,state,state_change
1440519686.65739,dbt2,17472,10,mark,dbt2-client,,-1,2015-08-25 12:21:24.431142-04,2015-08-25 12:21:26.451783-04,2015-08-25 12:21:26.576281-04,f,FETCH ALL IN mycursor,active,2015-08-25 12:21:26.57621-04
1440519686.65739,dbt2,17477,10,mark,dbt2-client,,-1,2015-08-25 12:21:25.431452-04,,2015-08-25 12:21:26.542291-04,f,COMMIT,idle,2015-08-25 12:21:26.547466-04
1440519686.65739,dbt2,17480,10,mark,dbt2-client,,-1,2015-08-25 12:21:26.431618-04,,2015-08-25 12:21:26.571148-04,f,COMMIT,idle,2015-08-25 12:21:26.575193-04
1440519686.65739,dbt2,17632,10,mark,psql,,-1,2015-08-25 12:21:26.65424-04,2015-08-25 12:21:26.65561-04,2015-08-25 12:21:26.658297-04,f,"COPY (SELECT EXTRACT(EPOCH FROM TRANSACTION_TIMESTAMP()) AS ctime, relname, pid, mode, granted FROM pg_locks, pg_class WHERE relfilenode = relation ORDER BY relname) TO STDOUT (FORMAT CSV, HEADER);",active,2015-08-25 12:21:26.657489-04
1440519686.65739,dbt2,17633,10,mark,psql,,-1,2015-08-25 12:21:26.654421-04,2015-08-25 12:21:26.655345-04,2015-08-25 12:21:26.657588-04,f,"COPY (SELECT EXTRACT(EPOCH FROM TRANSACTION_TIMESTAMP()) AS ctime, datname, pid, usesysid, usename, application_name, client_addr, client_port, backend_start, xact_start, query_start, waiting, query , state, state_change FROM pg_stat_activity) TO STDOUT (FORMAT CSV, HEADER);",active,2015-08-25 12:21:26.657147-04
1440519686.65739,dbt2,17636,10,mark,psql,,-1,2015-08-25 12:21:26.655392-04,2015-08-25 12:21:26.657545-04,2015-08-25 12:21:26.661481-04,f,"COPY (SELECT EXTRACT(EPOCH FROM TRANSACTION_TIMESTAMP()) AS ctime, datname, numbackends, xact_commit, xact_rollback, blks_read, blks_hit, tup_returned, tup_fetched, tup_inserted, tup_updated, tup_deleted FROM pg_stat_database) TO STDOUT (FORMAT CSV, HEADER);",active,2015-08-25 12:21:26.659899-04
1440519686.65739,dbt2,17637,10,mark,psql,,-1,2015-08-25 12:21:26.656447-04,2015-08-25 12:21:26.657981-04,2015-08-25 12:21:26.660833-04,f,"COPY (SELECT EXTRACT(EPOCH FROM TRANSACTION_TIMESTAMP()) AS ctime, a.schemaname, a.relname, seq_scan, seq_tup_read, idx_scan, idx_tup_fetch, n_tup_ins, n_tup_upd, n_tup_del, n_tup_hot_upd, n_live_tup, n_dead_tup, heap_blks_read, heap_blks_hit, idx_blks_read, idx_blks_hit, toast_blks_read, toast_blks_hit, tidx_blks_read, tidx_blks_hit FROM pg_statio_all_tables a, pg_stat_all_tables b WHERE a.relid = b.relid) TO STDOUT (FORMAT CSV, HEADER);",active,2015-08-25 12:21:26.659869-04
1440519746.66643,dbt2,17472,10,mark,dbt2-client,,-1,2015-08-25 12:21:24.431142-04,2015-08-25 12:22:25.224984-04,2015-08-25 12:22:26.114953-04,f,FETCH ALL IN mycursor,active,2015-08-25 12:22:26.11487-04
1440519746.66643,dbt2,17477,10,mark,dbt2-client,,-1,2015-08-25 12:21:25.431452-04,2015-08-25 12:22:26.224394-04,2015-08-25 12:22:26.511896-04,f,FETCH ALL IN mycursor,active,2015-08-25 12:22:26.511805-04
1440519746.66643,dbt2,17480,10,mark,dbt2-client,,-1,2015-08-25 12:21:26.431618-04,2015-08-25 12:22:25.753071-04,2015-08-25 12:22:26.274228-04,f,FETCH ALL IN mycursor,active,2015-08-25 12:22:26.274165-04
1440519746.66643,dbt2,17643,10,mark,dbt2-client,,-1,2015-08-25 12:21:27.431827-04,2015-08-25 12:22:26.069468-04,2015-08-25 12:22:26.342314-04,f,FETCH ALL IN mycursor,active,2015-08-25 12:22:26.342249-04
1440519746.66643,dbt2,17679,10,mark,dbt2-client,,-1,2015-08-25 12:21:28.432018-04,2015-08-25 12:22:26.008041-04,2015-08-25 12:22:26.489294-04,f,FETCH ALL IN mycursor,active,2015-08-25 12:22:26.489237-04
1440519746.66643,dbt2,17684,10,mark,dbt2-client,,-1,2015-08-25 12:21:29.432145-04,2015-08-25 12:22:26.441411-04,2015-08-25 12:22:26.56524-04,f,"SELECT payment(1, 9, 1845, 1, 10, '', 3190.160000)",active,2015-08-25 12:22:26.565199-04
1440519746.66643,dbt2,17689,10,mark,dbt2-client,,-1,2015-08-25 12:21:30.43244-04,2015-08-25 12:22:25.884856-04,2015-08-25 12:22:26.574946-04,f,"SELECT payment(1, 9, 0, 1, 9, 'PRESEINGESE', 529.890000)",active,2015-08-25 12:22:26.574878-04
1440519746.66643,dbt2,17694,10,mark,dbt2-client,,-1,2015-08-25 12:21:31.432672-04,2015-08-25 12:22:14.3204-04,2015-08-25 12:22:14.387689-04,f,"SELECT stock_level(1, 3, 11)",active,2015-08-25 12:22:14.387645-04
1440519746.66643,dbt2,17699,10,mark,dbt2-client,,-1,2015-08-25 12:21:32.432662-04,2015-08-25 12:22:26.199047-04,2015-08-25 12:22:26.618667-04,f,FETCH ALL IN mycursor,active,2015-08-25 12:22:26.618611-04
1440519746.66643,dbt2,17704,10,mark,dbt2-client,,-1,2015-08-25 12:21:33.432882-04,2015-08-25 12:22:26.169301-04,2015-08-25 12:22:26.473256-04,f,FETCH ALL IN mycursor,active,2015-08-25 12:22:26.473188-04
1440519746.66643,dbt2,17744,10,mark,psql,,-1,2015-08-25 12:22:26.658308-04,,,f,"",idle,2015-08-25 12:22:26.667791-04
1440519746.66643,dbt2,17746,10,mark,psql,,-1,2015-08-25 12:22:26.658357-04,,,f,"",,
1440519746.66643,dbt2,17745,10,mark,psql,,-1,2015-08-25 12:22:26.65871-04,2015-08-25 12:22:26.660275-04,2015-08-25 12:22:26.667176-04,f,"COPY (SELECT EXTRACT(EPOCH FROM TRANSACTION_TIMESTAMP()) AS ctime, datname, pid, usesysid, usename, application_name, client_addr, client_port, backend_start, xact_start, query_start, waiting, query , state, state_change FROM pg_stat_activity) TO STDOUT (FORMAT CSV);",active,2015-08-25 12:22:26.666165-04
1440519746.66643,dbt2,17747,10,mark,psql,,-1,2015-08-25 12:22:26.659526-04,2015-08-25 12:22:26.661028-04,,f,"",,
1440519806.66528,dbt2,17472,10,mark,dbt2-client,,-1,2015-08-25 12:21:24.431142-04,2015-08-25 12:23:26.637762-04,2015-08-25 12:23:26.656082-04,f,"SELECT payment(1, 8, 890, 1, 8, '', 2107.630000)",active,2015-08-25 12:23:26.656023-04
1440519806.66528,dbt2,17477,10,mark,dbt2-client,,-1,2015-08-25 12:21:25.431452-04,2015-08-25 12:23:26.628452-04,2015-08-25 12:23:26.646646-04,f,FETCH ALL IN mycursor,active,2015-08-25 12:23:26.646592-04
1440519806.66528,dbt2,17480,10,mark,dbt2-client,,-1,2015-08-25 12:21:26.431618-04,2015-08-25 12:23:26.636888-04,2015-08-25 12:23:26.655306-04,f,FETCH ALL IN mycursor,active,2015-08-25 12:23:26.655247-04
1440519806.66528,dbt2,17643,10,mark,dbt2-client,,-1,2015-08-25 12:21:27.431827-04,2015-08-25 12:23:26.645238-04,2015-08-25 12:23:26.653812-04,f,"SELECT stock_level(1, 7, 20)",active,2015-08-25 12:23:26.653757-04
1440519806.66528,dbt2,17679,10,mark,dbt2-client,,-1,2015-08-25 12:21:28.432018-04,,2015-08-25 12:23:26.666152-04,f,ROLLBACK,idle,2015-08-25 12:23:26.666133-04
1440519806.66528,dbt2,17684,10,mark,dbt2-client,,-1,2015-08-25 12:21:29.432145-04,2015-08-25 12:23:26.651745-04,2015-08-25 12:23:26.665781-04,f,FETCH ALL IN mycursor,active,2015-08-25 12:23:26.665711-04
1440519806.66528,dbt2,17689,10,mark,dbt2-client,,-1,2015-08-25 12:21:30.43244-04,2015-08-25 12:23:26.650672-04,2015-08-25 12:23:26.664481-04,f,"SELECT payment(1, 2, 1646, 1, 2, '', 4658.420000)",active,2015-08-25 12:23:26.664423-04
1440519806.66528,dbt2,17694,10,mark,dbt2-client,,-1,2015-08-25 12:21:31.432672-04,2015-08-25 12:23:26.64962-04,2015-08-25 12:23:26.664431-04,f,"SELECT payment(1, 1, 0, 1, 5, 'ATIONANTIABLE', 2730.120000)",active,2015-08-25 12:23:26.664393-04
1440519806.66528,dbt2,17699,10,mark,dbt2-client,,-1,2015-08-25 12:21:32.432662-04,2015-08-25 12:23:26.648419-04,2015-08-25 12:23:26.65814-04,f,"SELECT payment(1, 2, 379, 1, 2, '', 3631.510000)",active,2015-08-25 12:23:26.658098-04
1440519806.66528,dbt2,17704,10,mark,dbt2-client,,-1,2015-08-25 12:21:33.432882-04,2015-08-25 12:23:26.647311-04,2015-08-25 12:23:26.657555-04,f,FETCH ALL IN mycursor,active,2015-08-25 12:23:26.6575-04
1440519806.66528,dbt2,17774,10,mark,psql,,-1,2015-08-25 12:23:26.66101-04,,,f,"",idle,2015-08-25 12:23:26.665309-04
1440519806.66528,dbt2,17776,10,mark,psql,,-1,2015-08-25 12:23:26.661648-04,2015-08-25 12:23:26.663372-04,2015-08-25 12:23:26.66663-04,f,"COPY (SELECT EXTRACT(EPOCH FROM TRANSACTION_TIMESTAMP()) AS ctime, a.schemaname, a.relname, a.indexrelname, idx_scan, idx_tup_read, idx_tup_fetch, idx_blks_read, idx_blks_hit FROM pg_stat_all_indexes a, pg_statio_all_indexes b WHERE a.indexrelid = b.indexrelid) TO STDOUT (FORMAT CSV);",active,2015-08-25 12:23:26.665503-04
1440519806.66528,dbt2,17775,10,mark,psql,,-1,2015-08-25 12:23:26.661668-04,2015-08-25 12:23:26.66289-04,2015-08-25 12:23:26.665661-04,f,"COPY (SELECT EXTRACT(EPOCH FROM TRANSACTION_TIMESTAMP()) AS ctime, datname, pid, usesysid, usename, application_name, client_addr, client_port, backend_start, xact_start, query_start, waiting, query , state, state_change FROM pg_stat_activity) TO STDOUT (FORMAT CSV);",active,2015-08-25 12:23:26.664998-04
1440519806.66528,dbt2,17777,10,mark,psql,,-1,2015-08-25 12:23:26.662321-04,2015-08-25 12:23:26.665358-04,,f,"",,
1440519806.66528,dbt2,17778,10,mark,psql,,-1,2015-08-25 12:23:26.6627-04,2015-08-25 12:23:26.665436-04,,f,"",,
1440519866.66924,dbt2,17472,10,mark,dbt2-client,,-1,2015-08-25 12:21:24.431142-04,2015-08-25 12:24:26.607467-04,2015-08-25 12:24:26.645832-04,f,FETCH ALL IN mycursor,active,2015-08-25 12:24:26.645776-04
1440519866.66924,dbt2,17477,10,mark,dbt2-client,,-1,2015-08-25 12:21:25.431452-04,,2015-08-25 12:24:17.851135-04,f,COMMIT,active,2015-08-25 12:24:17.851091-04
1440519866.66924,dbt2,17480,10,mark,dbt2-client,,-1,2015-08-25 12:21:26.431618-04,,2015-08-25 12:24:17.177923-04,f,COMMIT,active,2015-08-25 12:24:17.177873-04
1440519866.66924,dbt2,17643,10,mark,dbt2-client,,-1,2015-08-25 12:21:27.431827-04,,2015-08-25 12:24:18.115051-04,f,COMMIT,active,2015-08-25 12:24:18.114992-04
1440519866.66924,dbt2,17679,10,mark,dbt2-client,,-1,2015-08-25 12:21:28.432018-04,,2015-08-25 12:24:17.475271-04,f,COMMIT,active,2015-08-25 12:24:17.475225-04
1440519866.66924,dbt2,17684,10,mark,dbt2-client,,-1,2015-08-25 12:21:29.432145-04,,2015-08-25 12:24:16.977415-04,f,COMMIT,active,2015-08-25 12:24:16.977382-04
1440519866.66924,dbt2,17689,10,mark,dbt2-client,,-1,2015-08-25 12:21:30.43244-04,,2015-08-25 12:24:17.966931-04,f,COMMIT,active,2015-08-25 12:24:17.966878-04
1440519866.66924,dbt2,17694,10,mark,dbt2-client,,-1,2015-08-25 12:21:31.432672-04,,2015-08-25 12:24:17.420411-04,f,COMMIT,active,2015-08-25 12:24:17.420358-04
1440519866.66924,dbt2,17699,10,mark,dbt2-client,,-1,2015-08-25 12:21:32.432662-04,,2015-08-25 12:24:17.139923-04,f,COMMIT,active,2015-08-25 12:24:17.139803-04
1440519866.66924,dbt2,17704,10,mark,dbt2-client,,-1,2015-08-25 12:21:33.432882-04,2015-08-25 12:24:16.204609-04,2015-08-25 12:24:16.222551-04,f,"SELECT payment(1, 4, 2045, 1, 4, '', 4172.480000)",active,2015-08-25 12:24:16.222481-04
1440519866.66924,dbt2,17798,10,mark,psql,,-1,2015-08-25 12:24:26.664662-04,2015-08-25 12:24:26.666316-04,2015-08-25 12:24:26.669531-04,f,"COPY (SELECT EXTRACT(EPOCH FROM TRANSACTION_TIMESTAMP()) AS ctime, relname, pid, mode, granted FROM pg_locks, pg_class WHERE relfilenode = relation ORDER BY relname) TO STDOUT (FORMAT CSV);",active,2015-08-25 12:24:26.668451-04
1440519866.66924,dbt2,17799,10,mark,psql,,-1,2015-08-25 12:24:26.665107-04,2015-08-25 12:24:26.66703-04,2015-08-25 12:24:26.670346-04,f,"COPY (SELECT EXTRACT(EPOCH FROM TRANSACTION_TIMESTAMP()) AS ctime, datname, pid, usesysid, usename, application_name, client_addr, client_port, backend_start, xact_start, query_start, waiting, query , state, state_change FROM pg_stat_activity) TO STDOUT (FORMAT CSV);",active,2015-08-25 12:24:26.66902-04
1440519866.66924,dbt2,17803,10,mark,psql,,-1,2015-08-25 12:24:26.666368-04,2015-08-25 12:24:26.667746-04,2015-08-25 12:24:26.6706-04,f,"COPY (SELECT EXTRACT(EPOCH FROM TRANSACTION_TIMESTAMP()) AS ctime, a.schemaname, a.relname, seq_scan, seq_tup_read, idx_scan, idx_tup_fetch, n_tup_ins, n_tup_upd, n_tup_del, n_tup_hot_upd, n_live_tup, n_dead_tup, heap_blks_read, heap_blks_hit, idx_blks_read, idx_blks_hit, toast_blks_read, toast_blks_hit, tidx_blks_read, tidx_blks_hit FROM pg_statio_all_tables a, pg_stat_all_tables b WHERE a.relid = b.relid) TO STDOUT (FORMAT CSV);",active,2015-08-25 12:24:26.66972-04
1440519926.67849,dbt2,17472,10,mark,dbt2-client,,-1,2015-08-25 12:21:24.431142-04,2015-08-25 12:25:25.444643-04,2015-08-25 12:25:26.460588-04,f,FETCH ALL IN mycursor,active,2015-08-25 12:25:26.460513-04
1440519926.67849,dbt2,17477,10,mark,dbt2-client,,-1,2015-08-25 12:21:25.431452-04,2015-08-25 12:25:25.416593-04,2015-08-25 12:25:26.373786-04,f,"SELECT delivery(1, 6)",active,2015-08-25 12:25:26.373608-04
1440519926.67849,dbt2,17480,10,mark,dbt2-client,,-1,2015-08-25 12:21:26.431618-04,2015-08-25 12:25:26.214906-04,2015-08-25 12:25:26.502349-04,f,FETCH ALL IN mycursor,active,2015-08-25 12:25:26.502273-04
1440519926.67849,dbt2,17643,10,mark,dbt2-client,,-1,2015-08-25 12:21:27.431827-04,2015-08-25 12:25:25.609182-04,2015-08-25 12:25:26.137038-04,f,"SELECT payment(1, 9, 0, 1, 9, 'ABLEPRIBAR', 3357.900000)",active,2015-08-25 12:25:26.136972-04
1440519926.67849,dbt2,17679,10,mark,dbt2-client,,-1,2015-08-25 12:21:28.432018-04,2015-08-25 12:25:25.584035-04,2015-08-25 12:25:25.771812-04,f,FETCH ALL IN mycursor,active,2015-08-25 12:25:25.77174-04
1440519926.67849,dbt2,17684,10,mark,dbt2-client,,-1,2015-08-25 12:21:29.432145-04,2015-08-25 12:25:26.331321-04,2015-08-25 12:25:26.616096-04,f,"SELECT payment(1, 8, 2864, 1, 8, '', 1813.270000)",active,2015-08-25 12:25:26.616027-04
1440519926.67849,dbt2,17689,10,mark,dbt2-client,,-1,2015-08-25 12:21:30.43244-04,2015-08-25 12:25:26.342553-04,2015-08-25 12:25:26.594386-04,f,FETCH ALL IN mycursor,active,2015-08-25 12:25:26.59431-04
1440519926.67849,dbt2,17694,10,mark,dbt2-client,,-1,2015-08-25 12:21:31.432672-04,2015-08-25 12:25:25.488287-04,2015-08-25 12:25:26.03241-04,f,"SELECT payment(1, 7, 0, 1, 7, 'ANTIATIONPRI', 2298.820000)",active,2015-08-25 12:25:26.032333-04
1440519926.67849,dbt2,17699,10,mark,dbt2-client,,-1,2015-08-25 12:21:32.432662-04,2015-08-25 12:25:25.93317-04,2015-08-25 12:25:26.636644-04,f,FETCH ALL IN mycursor,active,2015-08-25 12:25:26.636584-04
1440519926.67849,dbt2,17704,10,mark,dbt2-client,,-1,2015-08-25 12:21:33.432882-04,2015-08-25 12:25:22.518187-04,2015-08-25 12:25:23.45687-04,f,"SELECT stock_level(1, 9, 18)",active,2015-08-25 12:25:23.456817-04
1440519926.67849,dbt2,17831,10,mark,psql,,-1,2015-08-25 12:25:26.66922-04,2015-08-25 12:25:26.670238-04,2015-08-25 12:25:26.673046-04,f,"COPY (SELECT EXTRACT(EPOCH FROM TRANSACTION_TIMESTAMP()) AS ctime, datname, numbackends, xact_commit, xact_rollback, blks_read, blks_hit, tup_returned, tup_fetched, tup_inserted, tup_updated, tup_deleted FROM pg_stat_database) TO STDOUT (FORMAT CSV);",active,2015-08-25 12:25:26.672561-04
1440519926.67849,dbt2,17833,10,mark,psql,,-1,2015-08-25 12:25:26.669632-04,2015-08-25 12:25:26.672373-04,2015-08-25 12:25:26.676446-04,f,"COPY (SELECT EXTRACT(EPOCH FROM TRANSACTION_TIMESTAMP()) AS ctime, a.schemaname, a.relname, seq_scan, seq_tup_read, idx_scan, idx_tup_fetch, n_tup_ins, n_tup_upd, n_tup_del, n_tup_hot_upd, n_live_tup, n_dead_tup, heap_blks_read, heap_blks_hit, idx_blks_read, idx_blks_hit, toast_blks_read, toast_blks_hit, tidx_blks_read, tidx_blks_hit FROM pg_statio_all_tables a, pg_stat_all_tables b WHERE a.relid = b.relid) TO STDOUT (FORMAT CSV);",active,2015-08-25 12:25:26.674308-04
1440519926.67849,dbt2,17834,10,mark,psql,,-1,2015-08-25 12:25:26.6698-04,2015-08-25 12:25:26.675951-04,2015-08-25 12:25:26.683592-04,f,"COPY (SELECT EXTRACT(EPOCH FROM TRANSACTION_TIMESTAMP()) AS ctime, datname, pid, usesysid, usename, application_name, client_addr, client_port, backend_start, xact_start, query_start, waiting, query , state, state_change FROM pg_stat_activity) TO STDOUT (FORMAT CSV);",active,2015-08-25 12:25:26.678255-04
1440519926.67849,dbt2,17838,10,mark,psql,,-1,2015-08-25 12:25:26.672401-04,2015-08-25 12:25:26.673546-04,2015-08-25 12:25:26.675877-04,f,"COPY (SELECT EXTRACT(EPOCH FROM TRANSACTION_TIMESTAMP()) AS ctime, a.schemaname, a.relname, a.indexrelname, idx_scan, idx_tup_read, idx_tup_fetch, idx_blks_read, idx_blks_hit FROM pg_stat_all_indexes a, pg_statio_all_indexes b WHERE a.indexrelid = b.indexrelid) TO STDOUT (FORMAT CSV);",active,2015-08-25 12:25:26.675298-04
1440519986.67474,dbt2,17472,10,mark,dbt2-client,,-1,2015-08-25 12:21:24.431142-04,2015-08-25 12:26:23.390775-04,2015-08-25 12:26:23.416858-04,f,"SELECT payment(1, 7, 64, 1, 7, '', 2366.450000)",active,2015-08-25 12:26:23.416799-04
1440519986.67474,dbt2,17477,10,mark,dbt2-client,,-1,2015-08-25 12:21:25.431452-04,2015-08-25 12:26:23.377628-04,2015-08-25 12:26:23.404084-04,f,"SELECT payment(1, 8, 1536, 1, 8, '', 1421.960000)",active,2015-08-25 12:26:23.404031-04
1440519986.67474,dbt2,17480,10,mark,dbt2-client,,-1,2015-08-25 12:21:26.431618-04,2015-08-25 12:25:35.952043-04,2015-08-25 12:26:23.418789-04,f,"SELECT payment(1, 3, 0, 1, 3, 'CALLYBARABLE', 4676.310000)",active,2015-08-25 12:26:23.418743-04
1440519986.67474,dbt2,17643,10,mark,dbt2-client,,-1,2015-08-25 12:21:27.431827-04,2015-08-25 12:26:23.401693-04,2015-08-25 12:26:23.414689-04,f,"SELECT payment(1, 8, 0, 1, 8, 'OUGHTCALLYPRI', 3839.260000)",active,2015-08-25 12:26:23.414651-04
1440519986.67474,dbt2,17679,10,mark,dbt2-client,,-1,2015-08-25 12:21:28.432018-04,2015-08-25 12:26:23.399686-04,2015-08-25 12:26:23.412973-04,f,FETCH ALL IN mycursor,active,2015-08-25 12:26:23.412918-04
1440519986.67474,dbt2,17684,10,mark,dbt2-client,,-1,2015-08-25 12:21:29.432145-04,2015-08-25 12:26:23.397619-04,2015-08-25 12:26:23.410806-04,f,FETCH ALL IN mycursor,active,2015-08-25 12:26:23.410741-04
1440519986.67474,dbt2,17689,10,mark,dbt2-client,,-1,2015-08-25 12:21:30.43244-04,2015-08-25 12:26:18.192516-04,2015-08-25 12:26:23.423356-04,f,FETCH ALL IN mycursor,active,2015-08-25 12:26:23.423291-04
1440519986.67474,dbt2,17694,10,mark,dbt2-client,,-1,2015-08-25 12:21:31.432672-04,2015-08-25 12:25:35.622838-04,2015-08-25 12:26:23.418607-04,f,FETCH ALL IN mycursor,active,2015-08-25 12:26:23.418474-04
1440519986.67474,dbt2,17699,10,mark,dbt2-client,,-1,2015-08-25 12:21:32.432662-04,2015-08-25 12:26:23.39538-04,2015-08-25 12:26:23.408724-04,f,FETCH ALL IN mycursor,active,2015-08-25 12:26:23.408664-04
1440519986.67474,dbt2,17704,10,mark,dbt2-client,,-1,2015-08-25 12:21:33.432882-04,2015-08-25 12:26:23.39295-04,2015-08-25 12:26:23.406316-04,f,"SELECT * FROM order_status(0, 1, 4, 'EINGCALLYATION')",active,2015-08-25 12:26:23.406275-04
1440519986.67474,dbt2,17862,10,mark,psql,,-1,2015-08-25 12:26:26.670383-04,2015-08-25 12:26:26.672713-04,2015-08-25 12:26:26.676209-04,f,"COPY (SELECT EXTRACT(EPOCH FROM TRANSACTION_TIMESTAMP()) AS ctime, datname, pid, usesysid, usename, application_name, client_addr, client_port, backend_start, xact_start, query_start, waiting, query , state, state_change FROM pg_stat_activity) TO STDOUT (FORMAT CSV);",active,2015-08-25 12:26:26.674517-04
1440519986.67474,dbt2,17864,10,mark,psql,,-1,2015-08-25 12:26:26.670478-04,2015-08-25 12:26:26.671707-04,2015-08-25 12:26:26.674419-04,f,"COPY (SELECT EXTRACT(EPOCH FROM TRANSACTION_TIMESTAMP()) AS ctime, datname, numbackends, xact_commit, xact_rollback, blks_read, blks_hit, tup_returned, tup_fetched, tup_inserted, tup_updated, tup_deleted FROM pg_stat_database) TO STDOUT (FORMAT CSV);",active,2015-08-25 12:26:26.673733-04
1440519986.67474,dbt2,17863,10,mark,psql,,-1,2015-08-25 12:26:26.670569-04,2015-08-25 12:26:26.671799-04,2015-08-25 12:26:26.675344-04,f,"COPY (SELECT EXTRACT(EPOCH FROM TRANSACTION_TIMESTAMP()) AS ctime, relname, pid, mode, granted FROM pg_locks, pg_class WHERE relfilenode = relation ORDER BY relname) TO STDOUT (FORMAT CSV);",active,2015-08-25 12:26:26.674685-04
1440519986.67474,dbt2,17865,10,mark,psql,,-1,2015-08-25 12:26:26.671586-04,2015-08-25 12:26:26.673041-04,2015-08-25 12:26:26.676899-04,f,"COPY (SELECT EXTRACT(EPOCH FROM TRANSACTION_TIMESTAMP()) AS ctime, a.schemaname, a.relname, seq_scan, seq_tup_read, idx_scan, idx_tup_fetch, n_tup_ins, n_tup_upd, n_tup_del, n_tup_hot_upd, n_live_tup, n_dead_tup, heap_blks_read, heap_blks_hit, idx_blks_read, idx_blks_hit, toast_blks_read, toast_blks_hit, tidx_blks_read, tidx_blks_hit FROM pg_statio_all_tables a, pg_stat_all_tables b WHERE a.relid = b.relid) TO STDOUT (FORMAT CSV);",active,2015-08-25 12:26:26.675998-04
1440519986.67474,dbt2,17869,10,mark,psql,,-1,2015-08-25 12:26:26.67187-04,2015-08-25 12:26:26.673786-04,2015-08-25 12:26:26.677014-04,f,"COPY (SELECT EXTRACT(EPOCH FROM TRANSACTION_TIMESTAMP()) AS ctime, a.schemaname, a.relname, a.indexrelname, idx_scan, idx_tup_read, idx_tup_fetch, idx_blks_read, idx_blks_hit FROM pg_stat_all_indexes a, pg_statio_all_indexes b WHERE a.indexrelid = b.indexrelid) TO STDOUT (FORMAT CSV);",active,2015-08-25 12:26:26.675659-04
1440520046.67924,dbt2,17472,10,mark,dbt2-client,,-1,2015-08-25 12:21:24.431142-04,2015-08-25 12:27:26.625514-04,2015-08-25 12:27:26.6614-04,f,FETCH ALL IN mycursor,active,2015-08-25 12:27:26.661339-04
1440520046.67924,dbt2,17477,10,mark,dbt2-client,,-1,2015-08-25 12:21:25.431452-04,2015-08-25 12:27:26.606891-04,2015-08-25 12:27:26.643314-04,f,"SELECT delivery(1, 8)",active,2015-08-25 12:27:26.643244-04
1440520046.67924,dbt2,17480,10,mark,dbt2-client,,-1,2015-08-25 12:21:26.431618-04,2015-08-25 12:27:26.641129-04,2015-08-25 12:27:26.659529-04,f,FETCH ALL IN mycursor,active,2015-08-25 12:27:26.659474-04
1440520046.67924,dbt2,17643,10,mark,dbt2-client,,-1,2015-08-25 12:21:27.431827-04,2015-08-25 12:27:26.657054-04,2015-08-25 12:27:26.678879-04,f,"SELECT delivery(1, 5)",active,2015-08-25 12:27:26.678798-04
1440520046.67924,dbt2,17679,10,mark,dbt2-client,,-1,2015-08-25 12:21:28.432018-04,2015-08-25 12:27:26.655123-04,2015-08-25 12:27:26.675844-04,f,"SELECT payment(1, 8, 0, 1, 8, 'EINGOUGHTOUGHT', 2766.510000)",active,2015-08-25 12:27:26.675782-04
1440520046.67924,dbt2,17684,10,mark,dbt2-client,,-1,2015-08-25 12:21:29.432145-04,2015-08-25 12:27:26.652946-04,2015-08-25 12:27:26.67157-04,f,FETCH ALL IN mycursor,active,2015-08-25 12:27:26.671497-04
1440520046.67924,dbt2,17689,10,mark,dbt2-client,,-1,2015-08-25 12:21:30.43244-04,2015-08-25 12:27:26.651038-04,2015-08-25 12:27:26.668655-04,f,"SELECT payment(1, 2, 1944, 1, 2, '', 857.970000)",active,2015-08-25 12:27:26.668611-04
1440520046.67924,dbt2,17694,10,mark,dbt2-client,,-1,2015-08-25 12:21:31.432672-04,2015-08-25 12:27:26.649237-04,2015-08-25 12:27:26.667048-04,f,"SELECT payment(1, 5, 0, 1, 5, 'PRIANTICALLY', 1589.280000)",active,2015-08-25 12:27:26.666983-04
1440520046.67924,dbt2,17699,10,mark,dbt2-client,,-1,2015-08-25 12:21:32.432662-04,2015-08-25 12:27:26.647376-04,2015-08-25 12:27:26.66547-04,f,FETCH ALL IN mycursor,active,2015-08-25 12:27:26.665409-04
1440520046.67924,dbt2,17704,10,mark,dbt2-client,,-1,2015-08-25 12:21:33.432882-04,2015-08-25 12:27:26.645225-04,2015-08-25 12:27:26.663342-04,f,FETCH ALL IN mycursor,active,2015-08-25 12:27:26.663264-04
1440520046.67924,dbt2,17886,10,mark,psql,,-1,2015-08-25 12:27:26.673414-04,2015-08-25 12:27:26.675595-04,2015-08-25 12:27:26.679124-04,f,"COPY (SELECT EXTRACT(EPOCH FROM TRANSACTION_TIMESTAMP()) AS ctime, datname, numbackends, xact_commit, xact_rollback, blks_read, blks_hit, tup_returned, tup_fetched, tup_inserted, tup_updated, tup_deleted FROM pg_stat_database) TO STDOUT (FORMAT CSV);",active,2015-08-25 12:27:26.677566-04
1440520046.67924,dbt2,17888,10,mark,psql,,-1,2015-08-25 12:27:26.67405-04,2015-08-25 12:27:26.67641-04,2015-08-25 12:27:26.680304-04,f,"COPY (SELECT EXTRACT(EPOCH FROM TRANSACTION_TIMESTAMP()) AS ctime, datname, pid, usesysid, usename, application_name, client_addr, client_port, backend_start, xact_start, query_start, waiting, query , state, state_change FROM pg_stat_activity) TO STDOUT (FORMAT CSV);",active,2015-08-25 12:27:26.678519-04
1440520046.67924,dbt2,17887,10,mark,psql,,-1,2015-08-25 12:27:26.674521-04,2015-08-25 12:27:26.677732-04,2015-08-25 12:27:26.682251-04,f,"COPY (SELECT EXTRACT(EPOCH FROM TRANSACTION_TIMESTAMP()) AS ctime, a.schemaname, a.relname, seq_scan, seq_tup_read, idx_scan, idx_tup_fetch, n_tup_ins, n_tup_upd, n_tup_del, n_tup_hot_upd, n_live_tup, n_dead_tup, heap_blks_read, heap_blks_hit, idx_blks_read, idx_blks_hit, toast_blks_read, toast_blks_hit, tidx_blks_read, tidx_blks_hit FROM pg_statio_all_tables a, pg_stat_all_tables b WHERE a.relid = b.relid) TO STDOUT (FORMAT CSV);",active,2015-08-25 12:27:26.679593-04
1440520046.67924,dbt2,17892,10,mark,psql,,-1,2015-08-25 12:27:26.676606-04,2015-08-25 12:27:26.67984-04,,f,"",,
1440520106.68222,dbt2,17472,10,mark,dbt2-client,,-1,2015-08-25 12:21:24.431142-04,2015-08-25 12:28:23.938166-04,2015-08-25 12:28:24.119053-04,f,"SELECT payment(1, 7, 0, 1, 7, 'CALLYABLECALLY', 2735.750000)",active,2015-08-25 12:28:24.118994-04
1440520106.68222,dbt2,17477,10,mark,dbt2-client,,-1,2015-08-25 12:21:25.431452-04,2015-08-25 12:28:26.152238-04,2015-08-25 12:28:26.396177-04,f,"SELECT payment(1, 2, 832, 1, 2, '', 627.650000)",active,2015-08-25 12:28:26.396125-04
1440520106.68222,dbt2,17480,10,mark,dbt2-client,,-1,2015-08-25 12:21:26.431618-04,,2015-08-25 12:28:24.584617-04,f,COMMIT,active,2015-08-25 12:28:24.584571-04
1440520106.68222,dbt2,17643,10,mark,dbt2-client,,-1,2015-08-25 12:21:27.431827-04,,2015-08-25 12:28:24.657585-04,f,COMMIT,active,2015-08-25 12:28:24.657543-04
1440520106.68222,dbt2,17679,10,mark,dbt2-client,,-1,2015-08-25 12:21:28.432018-04,,2015-08-25 12:28:24.693915-04,f,COMMIT,active,2015-08-25 12:28:24.69386-04
1440520106.68222,dbt2,17684,10,mark,dbt2-client,,-1,2015-08-25 12:21:29.432145-04,,2015-08-25 12:28:24.541538-04,f,COMMIT,active,2015-08-25 12:28:24.541486-04
1440520106.68222,dbt2,17689,10,mark,dbt2-client,,-1,2015-08-25 12:21:30.43244-04,2015-08-25 12:28:26.120242-04,2015-08-25 12:28:26.669373-04,f,COMMIT,active,2015-08-25 12:28:26.669308-04
1440520106.68222,dbt2,17694,10,mark,dbt2-client,,-1,2015-08-25 12:21:31.432672-04,2015-08-25 12:28:26.180758-04,2015-08-25 12:28:26.444458-04,f,"SELECT payment(1, 8, 1951, 1, 8, '', 686.170000)",active,2015-08-25 12:28:26.444398-04
1440520106.68222,dbt2,17699,10,mark,dbt2-client,,-1,2015-08-25 12:21:32.432662-04,2015-08-25 12:28:24.014347-04,2015-08-25 12:28:24.3004-04,f,FETCH ALL IN mycursor,active,2015-08-25 12:28:24.300326-04
1440520106.68222,dbt2,17704,10,mark,dbt2-client,,-1,2015-08-25 12:21:33.432882-04,,2015-08-25 12:28:24.620302-04,f,COMMIT,active,2015-08-25 12:28:24.620259-04
1440520106.68222,dbt2,17917,10,mark,psql,,-1,2015-08-25 12:28:26.677014-04,2015-08-25 12:28:26.679319-04,2015-08-25 12:28:26.683288-04,f,"COPY (SELECT EXTRACT(EPOCH FROM TRANSACTION_TIMESTAMP()) AS ctime, a.schemaname, a.relname, seq_scan, seq_tup_read, idx_scan, idx_tup_fetch, n_tup_ins, n_tup_upd, n_tup_del, n_tup_hot_upd, n_live_tup, n_dead_tup, heap_blks_read, heap_blks_hit, idx_blks_read, idx_blks_hit, toast_blks_read, toast_blks_hit, tidx_blks_read, tidx_blks_hit FROM pg_statio_all_tables a, pg_stat_all_tables b WHERE a.relid = b.relid) TO STDOUT (FORMAT CSV);",active,2015-08-25 12:28:26.681532-04
1440520106.68222,dbt2,17919,10,mark,psql,,-1,2015-08-25 12:28:26.677381-04,,,f,"",idle,2015-08-25 12:28:26.682165-04
1440520106.68222,dbt2,17918,10,mark,psql,,-1,2015-08-25 12:28:26.678006-04,2015-08-25 12:28:26.679444-04,2015-08-25 12:28:26.682201-04,f,"COPY (SELECT EXTRACT(EPOCH FROM TRANSACTION_TIMESTAMP()) AS ctime, relname, pid, mode, granted FROM pg_locks, pg_class WHERE relfilenode = relation ORDER BY relname) TO STDOUT (FORMAT CSV);",active,2015-08-25 12:28:26.681369-04
1440520106.68222,dbt2,17916,10,mark,psql,,-1,2015-08-25 12:28:26.67819-04,2015-08-25 12:28:26.679288-04,2015-08-25 12:28:26.682505-04,f,"COPY (SELECT EXTRACT(EPOCH FROM TRANSACTION_TIMESTAMP()) AS ctime, datname, pid, usesysid, usename, application_name, client_addr, client_port, backend_start, xact_start, query_start, waiting, query , state, state_change FROM pg_stat_activity) TO STDOUT (FORMAT CSV);",active,2015-08-25 12:28:26.681902-04
1440520106.68222,dbt2,17921,10,mark,psql,,-1,2015-08-25 12:28:26.678321-04,2015-08-25 12:28:26.679746-04,2015-08-25 12:28:26.683415-04,f,"COPY (SELECT EXTRACT(EPOCH FROM TRANSACTION_TIMESTAMP()) AS ctime, a.schemaname, a.relname, a.indexrelname, idx_scan, idx_tup_read, idx_tup_fetch, idx_blks_read, idx_blks_hit FROM pg_stat_all_indexes a, pg_statio_all_indexes b WHERE a.indexrelid = b.indexrelid) TO STDOUT (FORMAT CSV);",active,2015-08-25 12:28:26.682604-04
1440520166.68503,dbt2,17472,10,mark,dbt2-client,,-1,2015-08-25 12:21:24.431142-04,2015-08-25 12:29:09.929824-04,2015-08-25 12:29:16.966114-04,f,COMMIT,active,2015-08-25 12:29:16.966069-04
1440520166.68503,dbt2,17477,10,mark,dbt2-client,,-1,2015-08-25 12:21:25.431452-04,2015-08-25 12:29:10.134754-04,2015-08-25 12:29:10.714396-04,f,"SELECT payment(1, 4, 2269, 1, 4, '', 1344.060000)",active,2015-08-25 12:29:10.714357-04
1440520166.68503,dbt2,17480,10,mark,dbt2-client,,-1,2015-08-25 12:21:26.431618-04,2015-08-25 12:29:10.649662-04,2015-08-25 12:29:23.112881-04,f,"SELECT payment(1, 8, 0, 1, 8, 'CALLYPRIESE', 2940.180000)",active,2015-08-25 12:29:23.112797-04
1440520166.68503,dbt2,17643,10,mark,dbt2-client,,-1,2015-08-25 12:21:27.431827-04,2015-08-25 12:29:10.381684-04,2015-08-25 12:29:23.138831-04,f,COMMIT,active,2015-08-25 12:29:23.138786-04
1440520166.68503,dbt2,17679,10,mark,dbt2-client,,-1,2015-08-25 12:21:28.432018-04,2015-08-25 12:28:57.374443-04,2015-08-25 12:28:57.679728-04,f,"SELECT stock_level(1, 6, 18)",active,2015-08-25 12:28:57.679687-04
1440520166.68503,dbt2,17684,10,mark,dbt2-client,,-1,2015-08-25 12:21:29.432145-04,2015-08-25 12:29:09.906327-04,2015-08-25 12:29:10.592702-04,f,"SELECT payment(1, 7, 0, 1, 2, 'CALLYPRESATION', 3919.630000)",active,2015-08-25 12:29:10.592634-04
1440520166.68503,dbt2,17689,10,mark,dbt2-client,,-1,2015-08-25 12:21:30.43244-04,2015-08-25 12:29:10.681035-04,2015-08-25 12:29:21.931919-04,f,COMMIT,active,2015-08-25 12:29:21.93185-04
1440520166.68503,dbt2,17694,10,mark,dbt2-client,,-1,2015-08-25 12:21:31.432672-04,2015-08-25 12:29:10.468801-04,2015-08-25 12:29:23.288385-04,f,COMMIT,active,2015-08-25 12:29:23.288313-04
1440520166.68503,dbt2,17699,10,mark,dbt2-client,,-1,2015-08-25 12:21:32.432662-04,2015-08-25 12:29:15.908501-04,2015-08-25 12:29:17.131217-04,f,COMMIT,active,2015-08-25 12:29:17.131152-04
1440520166.68503,dbt2,17704,10,mark,dbt2-client,,-1,2015-08-25 12:21:33.432882-04,2015-08-25 12:29:10.541975-04,2015-08-25 12:29:17.127848-04,f,COMMIT,active,2015-08-25 12:29:17.127785-04
1440520166.68503,dbt2,17942,10,mark,psql,,-1,2015-08-25 12:29:26.680313-04,2015-08-25 12:29:26.681657-04,2015-08-25 12:29:26.684647-04,f,"COPY (SELECT EXTRACT(EPOCH FROM TRANSACTION_TIMESTAMP()) AS ctime, a.schemaname, a.relname, seq_scan, seq_tup_read, idx_scan, idx_tup_fetch, n_tup_ins, n_tup_upd, n_tup_del, n_tup_hot_upd, n_live_tup, n_dead_tup, heap_blks_read, heap_blks_hit, idx_blks_read, idx_blks_hit, toast_blks_read, toast_blks_hit, tidx_blks_read, tidx_blks_hit FROM pg_statio_all_tables a, pg_stat_all_tables b WHERE a.relid = b.relid) TO STDOUT (FORMAT CSV);",active,2015-08-25 12:29:26.683958-04
1440520166.68503,dbt2,17941,10,mark,psql,,-1,2015-08-25 12:29:26.680473-04,2015-08-25 12:29:26.681815-04,2015-08-25 12:29:26.684546-04,f,"COPY (SELECT EXTRACT(EPOCH FROM TRANSACTION_TIMESTAMP()) AS ctime, relname, pid, mode, granted FROM pg_locks, pg_class WHERE relfilenode = relation ORDER BY relname) TO STDOUT (FORMAT CSV);",active,2015-08-25 12:29:26.683802-04
1440520166.68503,dbt2,17943,10,mark,psql,,-1,2015-08-25 12:29:26.680542-04,2015-08-25 12:29:26.681666-04,2015-08-25 12:29:26.68523-04,f,"COPY (SELECT EXTRACT(EPOCH FROM TRANSACTION_TIMESTAMP()) AS ctime, a.schemaname, a.relname, a.indexrelname, idx_scan, idx_tup_read, idx_tup_fetch, idx_blks_read, idx_blks_hit FROM pg_stat_all_indexes a, pg_statio_all_indexes b WHERE a.indexrelid = b.indexrelid) TO STDOUT (FORMAT CSV);",active,2015-08-25 12:29:26.68468-04
1440520166.68503,dbt2,17944,10,mark,psql,,-1,2015-08-25 12:29:26.681578-04,2015-08-25 12:29:26.682777-04,2015-08-25 12:29:26.685425-04,f,"COPY (SELECT EXTRACT(EPOCH FROM TRANSACTION_TIMESTAMP()) AS ctime, datname, pid, usesysid, usename, application_name, client_addr, client_port, backend_start, xact_start, query_start, waiting, query , state, state_change FROM pg_stat_activity) TO STDOUT (FORMAT CSV);",active,2015-08-25 12:29:26.684831-04
1440520226.68953,dbt2,17472,10,mark,dbt2-client,,-1,2015-08-25 12:21:24.431142-04,2015-08-25 12:30:26.653326-04,2015-08-25 12:30:26.674975-04,f,"SELECT delivery(1, 7)",active,2015-08-25 12:30:26.674937-04
1440520226.68953,dbt2,17477,10,mark,dbt2-client,,-1,2015-08-25 12:21:25.431452-04,2015-08-25 12:30:26.66429-04,2015-08-25 12:30:26.68875-04,f,FETCH ALL IN mycursor,active,2015-08-25 12:30:26.688678-04
1440520226.68953,dbt2,17480,10,mark,dbt2-client,,-1,2015-08-25 12:21:26.431618-04,2015-08-25 12:30:26.673796-04,2015-08-25 12:30:26.687207-04,f,FETCH ALL IN mycursor,active,2015-08-25 12:30:26.687136-04
1440520226.68953,dbt2,17643,10,mark,dbt2-client,,-1,2015-08-25 12:21:27.431827-04,2015-08-25 12:30:26.672599-04,2015-08-25 12:30:26.684566-04,f,"SELECT payment(1, 3, 0, 1, 3, 'EINGEINGOUGHT', 2515.650000)",active,2015-08-25 12:30:26.68453-04
1440520226.68953,dbt2,17679,10,mark,dbt2-client,,-1,2015-08-25 12:21:28.432018-04,2015-08-25 12:30:26.671112-04,2015-08-25 12:30:26.682585-04,f,"SELECT * FROM order_status(0, 1, 10, 'ABLEABLEABLE')",active,2015-08-25 12:30:26.68252-04
1440520226.68953,dbt2,17684,10,mark,dbt2-client,,-1,2015-08-25 12:21:29.432145-04,2015-08-25 12:30:26.669925-04,2015-08-25 12:30:26.68161-04,f,"SELECT payment(1, 9, 0, 1, 9, 'PRESPRIEING', 2160.070000)",active,2015-08-25 12:30:26.681568-04
1440520226.68953,dbt2,17689,10,mark,dbt2-client,,-1,2015-08-25 12:21:30.43244-04,2015-08-25 12:30:26.668766-04,2015-08-25 12:30:26.67967-04,f,"SELECT payment(1, 4, 2494, 1, 4, '', 4480.510000)",active,2015-08-25 12:30:26.679611-04
1440520226.68953,dbt2,17694,10,mark,dbt2-client,,-1,2015-08-25 12:21:31.432672-04,2015-08-25 12:30:26.667516-04,2015-08-25 12:30:26.67891-04,f,FETCH ALL IN mycursor,active,2015-08-25 12:30:26.678853-04
1440520226.68953,dbt2,17699,10,mark,dbt2-client,,-1,2015-08-25 12:21:32.432662-04,2015-08-25 12:30:26.666336-04,2015-08-25 12:30:26.677391-04,f,FETCH ALL IN mycursor,active,2015-08-25 12:30:26.677336-04
1440520226.68953,dbt2,17704,10,mark,dbt2-client,,-1,2015-08-25 12:21:33.432882-04,,2015-08-25 12:30:26.691428-04,f,ROLLBACK,idle,2015-08-25 12:30:26.691414-04
1440520226.68953,dbt2,17988,10,mark,psql,,-1,2015-08-25 12:30:26.683444-04,2015-08-25 12:30:26.68558-04,2015-08-25 12:30:26.690949-04,f,"COPY (SELECT EXTRACT(EPOCH FROM TRANSACTION_TIMESTAMP()) AS ctime, datname, numbackends, xact_commit, xact_rollback, blks_read, blks_hit, tup_returned, tup_fetched, tup_inserted, tup_updated, tup_deleted FROM pg_stat_database) TO STDOUT (FORMAT CSV);",active,2015-08-25 12:30:26.689422-04
1440520226.68953,dbt2,17989,10,mark,psql,,-1,2015-08-25 12:30:26.684414-04,2015-08-25 12:30:26.685898-04,2015-08-25 12:30:26.69019-04,f,"COPY (SELECT EXTRACT(EPOCH FROM TRANSACTION_TIMESTAMP()) AS ctime, datname, pid, usesysid, usename, application_name, client_addr, client_port, backend_start, xact_start, query_start, waiting, query , state, state_change FROM pg_stat_activity) TO STDOUT (FORMAT CSV);",active,2015-08-25 12:30:26.689304-04
1440520226.68953,dbt2,17987,10,mark,psql,,-1,2015-08-25 12:30:26.684586-04,,2015-08-25 12:30:26.688236-04,f,"COPY (SELECT EXTRACT(EPOCH FROM TRANSACTION_TIMESTAMP()) AS ctime, relname, pid, mode, granted FROM pg_locks, pg_class WHERE relfilenode = relation ORDER BY relname) TO STDOUT (FORMAT CSV);",idle,2015-08-25 12:30:26.69153-04
1440520226.68953,dbt2,17993,10,mark,psql,,-1,2015-08-25 12:30:26.685813-04,2015-08-25 12:30:26.686979-04,2015-08-25 12:30:26.689441-04,f,"COPY (SELECT EXTRACT(EPOCH FROM TRANSACTION_TIMESTAMP()) AS ctime, a.schemaname, a.relname, seq_scan, seq_tup_read, idx_scan, idx_tup_fetch, n_tup_ins, n_tup_upd, n_tup_del, n_tup_hot_upd, n_live_tup, n_dead_tup, heap_blks_read, heap_blks_hit, idx_blks_read, idx_blks_hit, toast_blks_read, toast_blks_hit, tidx_blks_read, tidx_blks_hit FROM pg_statio_all_tables a, pg_stat_all_tables b WHERE a.relid = b.relid) TO STDOUT (FORMAT CSV);",active,2015-08-25 12:30:26.688842-04
1440520286.69675,dbt2,17472,10,mark,dbt2-client,,-1,2015-08-25 12:21:24.431142-04,2015-08-25 12:31:26.631571-04,2015-08-25 12:31:26.655296-04,f,FETCH ALL IN mycursor,active,2015-08-25 12:31:26.655217-04
1440520286.69675,dbt2,17477,10,mark,dbt2-client,,-1,2015-08-25 12:21:25.431452-04,2015-08-25 12:31:25.862606-04,2015-08-25 12:31:26.255253-04,f,FETCH ALL IN mycursor,active,2015-08-25 12:31:26.255167-04
1440520286.69675,dbt2,17480,10,mark,dbt2-client,,-1,2015-08-25 12:21:26.431618-04,,2015-08-25 12:31:26.623115-04,f,COMMIT,active,2015-08-25 12:31:26.623074-04
1440520286.69675,dbt2,17643,10,mark,dbt2-client,,-1,2015-08-25 12:21:27.431827-04,2015-08-25 12:31:25.8824-04,2015-08-25 12:31:26.527527-04,f,"SELECT * FROM order_status(0, 1, 9, 'OUGHTEINGOUGHT')",active,2015-08-25 12:31:26.52747-04
1440520286.69675,dbt2,17679,10,mark,dbt2-client,,-1,2015-08-25 12:21:28.432018-04,2015-08-25 12:31:25.852853-04,2015-08-25 12:31:26.46848-04,f,FETCH ALL IN mycursor,active,2015-08-25 12:31:26.468402-04
1440520286.69675,dbt2,17684,10,mark,dbt2-client,,-1,2015-08-25 12:21:29.432145-04,2015-08-25 12:31:25.621726-04,2015-08-25 12:31:25.86661-04,f,FETCH ALL IN mycursor,active,2015-08-25 12:31:25.866552-04
1440520286.69675,dbt2,17689,10,mark,dbt2-client,,-1,2015-08-25 12:21:30.43244-04,2015-08-25 12:31:24.850313-04,2015-08-25 12:31:26.336025-04,f,"SELECT payment(1, 2, 0, 1, 8, 'ABLEESEESE', 4051.430000)",active,2015-08-25 12:31:26.335962-04
1440520286.69675,dbt2,17694,10,mark,dbt2-client,,-1,2015-08-25 12:21:31.432672-04,2015-08-25 12:31:25.672692-04,2015-08-25 12:31:26.527506-04,f,COMMIT,active,2015-08-25 12:31:26.527465-04
1440520286.69675,dbt2,17699,10,mark,dbt2-client,,-1,2015-08-25 12:21:32.432662-04,2015-08-25 12:31:25.606239-04,2015-08-25 12:31:26.680666-04,f,COMMIT,active,2015-08-25 12:31:26.680598-04
1440520286.69675,dbt2,17704,10,mark,dbt2-client,,-1,2015-08-25 12:21:33.432882-04,2015-08-25 12:31:25.207158-04,2015-08-25 12:31:25.401921-04,f,"SELECT payment(1, 3, 2028, 1, 9, '', 4251.530000)",active,2015-08-25 12:31:25.401855-04
1440520286.69675,dbt2,18016,10,mark,psql,,-1,2015-08-25 12:31:26.685519-04,,2015-08-25 12:31:26.696022-04,f,"COPY (SELECT EXTRACT(EPOCH FROM TRANSACTION_TIMESTAMP()) AS ctime, relname, pid, mode, granted FROM pg_locks, pg_class WHERE relfilenode = relation ORDER BY relname) TO STDOUT (FORMAT CSV);",active,2015-08-25 12:31:26.694193-04
1440520286.69675,dbt2,18019,10,mark,psql,,-1,2015-08-25 12:31:26.68601-04,2015-08-25 12:31:26.687433-04,2015-08-25 12:31:26.697361-04,f,"COPY (SELECT EXTRACT(EPOCH FROM TRANSACTION_TIMESTAMP()) AS ctime, datname, pid, usesysid, usename, application_name, client_addr, client_port, backend_start, xact_start, query_start, waiting, query , state, state_change FROM pg_stat_activity) TO STDOUT (FORMAT CSV);",active,2015-08-25 12:31:26.696566-04
1440520286.69675,dbt2,18017,10,mark,psql,,-1,2015-08-25 12:31:26.686665-04,2015-08-25 12:31:26.687864-04,2015-08-25 12:31:26.694592-04,f,"COPY (SELECT EXTRACT(EPOCH FROM TRANSACTION_TIMESTAMP()) AS ctime, a.schemaname, a.relname, a.indexrelname, idx_scan, idx_tup_read, idx_tup_fetch, idx_blks_read, idx_blks_hit FROM pg_stat_all_indexes a, pg_statio_all_indexes b WHERE a.indexrelid = b.indexrelid) TO STDOUT (FORMAT CSV);",active,2015-08-25 12:31:26.693961-04
1440520286.69675,dbt2,18018,10,mark,psql,,-1,2015-08-25 12:31:26.686891-04,2015-08-25 12:31:26.693224-04,2015-08-25 12:31:26.700908-04,f,"COPY (SELECT EXTRACT(EPOCH FROM TRANSACTION_TIMESTAMP()) AS ctime, a.schemaname, a.relname, seq_scan, seq_tup_read, idx_scan, idx_tup_fetch, n_tup_ins, n_tup_upd, n_tup_del, n_tup_hot_upd, n_live_tup, n_dead_tup, heap_blks_read, heap_blks_hit, idx_blks_read, idx_blks_hit, toast_blks_read, toast_blks_hit, tidx_blks_read, tidx_blks_hit FROM pg_statio_all_tables a, pg_stat_all_tables b WHERE a.relid = b.relid) TO STDOUT (FORMAT CSV);",active,2015-08-25 12:31:26.695136-04
1440520286.69675,dbt2,18021,10,mark,psql,,-1,2015-08-25 12:31:26.68711-04,2015-08-25 12:31:26.688271-04,2015-08-25 12:31:26.69443-04,f,"COPY (SELECT EXTRACT(EPOCH FROM TRANSACTION_TIMESTAMP()) AS ctime, datname, numbackends, xact_commit, xact_rollback, blks_read, blks_hit, tup_returned, tup_fetched, tup_inserted, tup_updated, tup_deleted FROM pg_stat_database) TO STDOUT (FORMAT CSV);",active,2015-08-25 12:31:26.693869-04
1440520346.69338,dbt2,17472,10,mark,dbt2-client,,-1,2015-08-25 12:21:24.431142-04,2015-08-25 12:32:06.668312-04,2015-08-25 12:32:18.067679-04,f,"SELECT payment(1, 4, 0, 1, 4, 'PRESPRESPRI', 605.810000)",active,2015-08-25 12:32:18.067592-04
1440520346.69338,dbt2,17477,10,mark,dbt2-client,,-1,2015-08-25 12:21:25.431452-04,2015-08-25 12:32:01.56926-04,2015-08-25 12:32:12.762427-04,f,"SELECT payment(1, 8, 0, 1, 8, 'ATIONOUGHTESE', 4564.060000)",active,2015-08-25 12:32:12.762376-04
1440520346.69338,dbt2,17480,10,mark,dbt2-client,,-1,2015-08-25 12:21:26.431618-04,2015-08-25 12:31:54.686696-04,2015-08-25 12:32:17.978962-04,f,COMMIT,active,2015-08-25 12:32:17.978889-04
1440520346.69338,dbt2,17643,10,mark,dbt2-client,,-1,2015-08-25 12:21:27.431827-04,2015-08-25 12:31:58.098293-04,2015-08-25 12:32:12.158828-04,f,"SELECT payment(1, 6, 576, 1, 6, '', 1921.390000)",active,2015-08-25 12:32:12.158753-04
1440520346.69338,dbt2,17679,10,mark,dbt2-client,,-1,2015-08-25 12:21:28.432018-04,2015-08-25 12:31:49.529647-04,2015-08-25 12:32:12.776595-04,f,COMMIT,active,2015-08-25 12:32:12.776548-04
1440520346.69338,dbt2,17684,10,mark,dbt2-client,,-1,2015-08-25 12:21:29.432145-04,2015-08-25 12:31:36.238582-04,2015-08-25 12:31:36.580378-04,f,"SELECT stock_level(1, 1, 17)",active,2015-08-25 12:31:36.580313-04
1440520346.69338,dbt2,17689,10,mark,dbt2-client,,-1,2015-08-25 12:21:30.43244-04,2015-08-25 12:31:58.100893-04,2015-08-25 12:32:24.098181-04,f,COMMIT,active,2015-08-25 12:32:24.098107-04
1440520346.69338,dbt2,17694,10,mark,dbt2-client,,-1,2015-08-25 12:21:31.432672-04,2015-08-25 12:31:58.099162-04,2015-08-25 12:32:23.089448-04,f,COMMIT,active,2015-08-25 12:32:23.089375-04
1440520346.69338,dbt2,17699,10,mark,dbt2-client,,-1,2015-08-25 12:21:32.432662-04,2015-08-25 12:31:58.099949-04,2015-08-25 12:32:22.962036-04,f,"SELECT payment(1, 10, 0, 1, 10, 'PRIATIONPRI', 2986.700000)",active,2015-08-25 12:32:22.961959-04
1440520346.69338,dbt2,17704,10,mark,dbt2-client,,-1,2015-08-25 12:21:33.432882-04,2015-08-25 12:31:58.099698-04,2015-08-25 12:32:12.158775-04,f,"SELECT payment(1, 10, 0, 1, 10, 'ABLEESEOUGHT', 3548.700000)",active,2015-08-25 12:32:12.15869-04
1440520346.69338,dbt2,18048,10,mark,psql,,-1,2015-08-25 12:32:26.689419-04,2015-08-25 12:32:26.691829-04,2015-08-25 12:32:26.69551-04,f,"COPY (SELECT EXTRACT(EPOCH FROM TRANSACTION_TIMESTAMP()) AS ctime, a.schemaname, a.relname, seq_scan, seq_tup_read, idx_scan, idx_tup_fetch, n_tup_ins, n_tup_upd, n_tup_del, n_tup_hot_upd, n_live_tup, n_dead_tup, heap_blks_read, heap_blks_hit, idx_blks_read, idx_blks_hit, toast_blks_read, toast_blks_hit, tidx_blks_read, tidx_blks_hit FROM pg_statio_all_tables a, pg_stat_all_tables b WHERE a.relid = b.relid) TO STDOUT (FORMAT CSV);",active,2015-08-25 12:32:26.69375-04
1440520346.69338,dbt2,18046,10,mark,psql,,-1,2015-08-25 12:32:26.689584-04,2015-08-25 12:32:26.690961-04,2015-08-25 12:32:26.693947-04,f,"COPY (SELECT EXTRACT(EPOCH FROM TRANSACTION_TIMESTAMP()) AS ctime, datname, pid, usesysid, usename, application_name, client_addr, client_port, backend_start, xact_start, query_start, waiting, query , state, state_change FROM pg_stat_activity) TO STDOUT (FORMAT CSV);",active,2015-08-25 12:32:26.693158-04
1440520346.69338,dbt2,18049,10,mark,psql,,-1,2015-08-25 12:32:26.689716-04,2015-08-25 12:32:26.690865-04,2015-08-25 12:32:26.693556-04,f,"COPY (SELECT EXTRACT(EPOCH FROM TRANSACTION_TIMESTAMP()) AS ctime, datname, numbackends, xact_commit, xact_rollback, blks_read, blks_hit, tup_returned, tup_fetched, tup_inserted, tup_updated, tup_deleted FROM pg_stat_database) TO STDOUT (FORMAT CSV);",active,2015-08-25 12:32:26.692994-04
1440520346.69338,dbt2,18047,10,mark,psql,,-1,2015-08-25 12:32:26.690428-04,2015-08-25 12:32:26.691652-04,2015-08-25 12:32:26.694163-04,f,"COPY (SELECT EXTRACT(EPOCH FROM TRANSACTION_TIMESTAMP()) AS ctime, relname, pid, mode, granted FROM pg_locks, pg_class WHERE relfilenode = relation ORDER BY relname) TO STDOUT (FORMAT CSV);",active,2015-08-25 12:32:26.693572-04
1440520406.69717,dbt2,17472,10,mark,dbt2-client,,-1,2015-08-25 12:21:24.431142-04,2015-08-25 12:33:26.650304-04,2015-08-25 12:33:26.688116-04,f,FETCH ALL IN mycursor,active,2015-08-25 12:33:26.688051-04
1440520406.69717,dbt2,17477,10,mark,dbt2-client,,-1,2015-08-25 12:21:25.431452-04,2015-08-25 12:33:26.629191-04,2015-08-25 12:33:26.669783-04,f,FETCH ALL IN mycursor,active,2015-08-25 12:33:26.66972-04
1440520406.69717,dbt2,17480,10,mark,dbt2-client,,-1,2015-08-25 12:21:26.431618-04,2015-08-25 12:33:26.667133-04,2015-08-25 12:33:26.685956-04,f,FETCH ALL IN mycursor,active,2015-08-25 12:33:26.685876-04
1440520406.69717,dbt2,17643,10,mark,dbt2-client,,-1,2015-08-25 12:21:27.431827-04,2015-08-25 12:33:26.66505-04,2015-08-25 12:33:26.683639-04,f,"SELECT payment(1, 8, 0, 1, 8, 'OUGHTBARCALLY', 2834.240000)",active,2015-08-25 12:33:26.683575-04
1440520406.69717,dbt2,17679,10,mark,dbt2-client,,-1,2015-08-25 12:21:28.432018-04,2015-08-25 12:33:26.662759-04,2015-08-25 12:33:26.681531-04,f,"SELECT payment(1, 1, 0, 1, 1, 'BARBARPRI', 433.990000)",active,2015-08-25 12:33:26.681446-04
1440520406.69717,dbt2,17684,10,mark,dbt2-client,,-1,2015-08-25 12:21:29.432145-04,2015-08-25 12:33:26.660754-04,2015-08-25 12:33:26.679914-04,f,FETCH ALL IN mycursor,active,2015-08-25 12:33:26.679856-04
1440520406.69717,dbt2,17689,10,mark,dbt2-client,,-1,2015-08-25 12:21:30.43244-04,2015-08-25 12:33:26.6585-04,2015-08-25 12:33:26.678074-04,f,FETCH ALL IN mycursor,active,2015-08-25 12:33:26.678009-04
1440520406.69717,dbt2,17694,10,mark,dbt2-client,,-1,2015-08-25 12:21:31.432672-04,,2015-08-25 12:33:26.675511-04,f,"SELECT payment(1, 7, 0, 1, 7, 'ESEPRESPRI', 2346.080000)",active,2015-08-25 12:33:26.675448-04
1440520406.69717,dbt2,17699,10,mark,dbt2-client,,-1,2015-08-25 12:21:32.432662-04,2015-08-25 12:33:26.673533-04,2015-08-25 12:33:26.698117-04,f,"SELECT * FROM order_status(0, 1, 4, 'OUGHTABLEPRES')",active,2015-08-25 12:33:26.698073-04
1440520406.69717,dbt2,17704,10,mark,dbt2-client,,-1,2015-08-25 12:21:33.432882-04,2015-08-25 12:33:26.671312-04,2015-08-25 12:33:26.68997-04,f,FETCH ALL IN mycursor,active,2015-08-25 12:33:26.689889-04
1440520406.69717,dbt2,18071,10,mark,psql,,-1,2015-08-25 12:33:26.692438-04,2015-08-25 12:33:26.695166-04,2015-08-25 12:33:26.699264-04,f,"COPY (SELECT EXTRACT(EPOCH FROM TRANSACTION_TIMESTAMP()) AS ctime, datname, numbackends, xact_commit, xact_rollback, blks_read, blks_hit, tup_returned, tup_fetched, tup_inserted, tup_updated, tup_deleted FROM pg_stat_database) TO STDOUT (FORMAT CSV);",active,2015-08-25 12:33:26.697173-04
1440520406.69717,dbt2,18072,10,mark,psql,,-1,2015-08-25 12:33:26.692692-04,2015-08-25 12:33:26.695268-04,2015-08-25 12:33:26.699405-04,f,"COPY (SELECT EXTRACT(EPOCH FROM TRANSACTION_TIMESTAMP()) AS ctime, a.schemaname, a.relname, seq_scan, seq_tup_read, idx_scan, idx_tup_fetch, n_tup_ins, n_tup_upd, n_tup_del, n_tup_hot_upd, n_live_tup, n_dead_tup, heap_blks_read, heap_blks_hit, idx_blks_read, idx_blks_hit, toast_blks_read, toast_blks_hit, tidx_blks_read, tidx_blks_hit FROM pg_statio_all_tables a, pg_stat_all_tables b WHERE a.relid = b.relid) TO STDOUT (FORMAT CSV);",active,2015-08-25 12:33:26.697388-04
1440520406.69717,dbt2,18073,10,mark,psql,,-1,2015-08-25 12:33:26.692972-04,2015-08-25 12:33:26.694283-04,2015-08-25 12:33:26.697569-04,f,"COPY (SELECT EXTRACT(EPOCH FROM TRANSACTION_TIMESTAMP()) AS ctime, datname, pid, usesysid, usename, application_name, client_addr, client_port, backend_start, xact_start, query_start, waiting, query , state, state_change FROM pg_stat_activity) TO STDOUT (FORMAT CSV);",active,2015-08-25 12:33:26.696845-04
1440520466.70177,dbt2,17472,10,mark,dbt2-client,,-1,2015-08-25 12:21:24.431142-04,2015-08-25 12:34:26.246822-04,2015-08-25 12:34:26.546682-04,f,"SELECT payment(1, 9, 0, 1, 9, 'PRICALLYEING', 1225.370000)",active,2015-08-25 12:34:26.546618-04
1440520466.70177,dbt2,17477,10,mark,dbt2-client,,-1,2015-08-25 12:21:25.431452-04,2015-08-25 12:34:26.332399-04,2015-08-25 12:34:26.53656-04,f,"SELECT payment(1, 5, 0, 1, 5, 'ESEBAREING', 2713.370000)",active,2015-08-25 12:34:26.536497-04
1440520466.70177,dbt2,17480,10,mark,dbt2-client,,-1,2015-08-25 12:21:26.431618-04,,2015-08-25 12:34:17.325231-04,f,COMMIT,active,2015-08-25 12:34:17.325177-04
1440520466.70177,dbt2,17643,10,mark,dbt2-client,,-1,2015-08-25 12:21:27.431827-04,2015-08-25 12:34:16.792354-04,2015-08-25 12:34:17.155804-04,f,"SELECT payment(1, 6, 0, 1, 6, 'ABLEABLEABLE', 2489.060000)",active,2015-08-25 12:34:17.155739-04
1440520466.70177,dbt2,17679,10,mark,dbt2-client,,-1,2015-08-25 12:21:28.432018-04,2015-08-25 12:34:25.333367-04,2015-08-25 12:34:26.259206-04,f,FETCH ALL IN mycursor,active,2015-08-25 12:34:26.259147-04
1440520466.70177,dbt2,17684,10,mark,dbt2-client,,-1,2015-08-25 12:21:29.432145-04,2015-08-25 12:34:26.239389-04,2015-08-25 12:34:26.371903-04,f,FETCH ALL IN mycursor,active,2015-08-25 12:34:26.371837-04
1440520466.70177,dbt2,17689,10,mark,dbt2-client,,-1,2015-08-25 12:21:30.43244-04,2015-08-25 12:34:26.337508-04,2015-08-25 12:34:26.644304-04,f,FETCH ALL IN mycursor,active,2015-08-25 12:34:26.644237-04
1440520466.70177,dbt2,17694,10,mark,dbt2-client,,-1,2015-08-25 12:21:31.432672-04,2015-08-25 12:34:26.378457-04,2015-08-25 12:34:26.690118-04,f,COMMIT,active,2015-08-25 12:34:26.690058-04
1440520466.70177,dbt2,17699,10,mark,dbt2-client,,-1,2015-08-25 12:21:32.432662-04,2015-08-25 12:34:16.848494-04,2015-08-25 12:34:17.409699-04,f,FETCH ALL IN mycursor,active,2015-08-25 12:34:17.409626-04
1440520466.70177,dbt2,17704,10,mark,dbt2-client,,-1,2015-08-25 12:21:33.432882-04,2015-08-25 12:34:16.390049-04,2015-08-25 12:34:16.917001-04,f,"SELECT payment(1, 8, 0, 1, 8, 'ABLEOUGHTEING', 1482.370000)",active,2015-08-25 12:34:16.916954-04
1440520466.70177,dbt2,18096,10,mark,psql,,-1,2015-08-25 12:34:26.696966-04,2015-08-25 12:34:26.698791-04,2015-08-25 12:34:26.702693-04,f,"COPY (SELECT EXTRACT(EPOCH FROM TRANSACTION_TIMESTAMP()) AS ctime, datname, pid, usesysid, usename, application_name, client_addr, client_port, backend_start, xact_start, query_start, waiting, query , state, state_change FROM pg_stat_activity) TO STDOUT (FORMAT CSV);",active,2015-08-25 12:34:26.701516-04
1440520466.70177,dbt2,18097,10,mark,psql,,-1,2015-08-25 12:34:26.697416-04,2015-08-25 12:34:26.699983-04,2015-08-25 12:34:26.705886-04,f,"COPY (SELECT EXTRACT(EPOCH FROM TRANSACTION_TIMESTAMP()) AS ctime, relname, pid, mode, granted FROM pg_locks, pg_class WHERE relfilenode = relation ORDER BY relname) TO STDOUT (FORMAT CSV);",active,2015-08-25 12:34:26.703926-04
1440520466.70177,dbt2,18098,10,mark,psql,,-1,2015-08-25 12:34:26.697658-04,2015-08-25 12:34:26.699102-04,2015-08-25 12:34:26.702489-04,f,"COPY (SELECT EXTRACT(EPOCH FROM TRANSACTION_TIMESTAMP()) AS ctime, datname, numbackends, xact_commit, xact_rollback, blks_read, blks_hit, tup_returned, tup_fetched, tup_inserted, tup_updated, tup_deleted FROM pg_stat_database) TO STDOUT (FORMAT CSV);",active,2015-08-25 12:34:26.701617-04
1440520466.70177,dbt2,18099,10,mark,psql,,-1,2015-08-25 12:34:26.697979-04,2015-08-25 12:34:26.700928-04,2015-08-25 12:34:26.705175-04,f,"COPY (SELECT EXTRACT(EPOCH FROM TRANSACTION_TIMESTAMP()) AS ctime, a.schemaname, a.relname, seq_scan, seq_tup_read, idx_scan, idx_tup_fetch, n_tup_ins, n_tup_upd, n_tup_del, n_tup_hot_upd, n_live_tup, n_dead_tup, heap_blks_read, heap_blks_hit, idx_blks_read, idx_blks_hit, toast_blks_read, toast_blks_hit, tidx_blks_read, tidx_blks_hit FROM pg_statio_all_tables a, pg_stat_all_tables b WHERE a.relid = b.relid) TO STDOUT (FORMAT CSV);",active,2015-08-25 12:34:26.7028-04
1440520526.70454,dbt2,17472,10,mark,dbt2-client,,-1,2015-08-25 12:21:24.431142-04,,2015-08-25 12:35:24.76063-04,f,COMMIT,active,2015-08-25 12:35:24.760582-04
1440520526.70454,dbt2,17477,10,mark,dbt2-client,,-1,2015-08-25 12:21:25.431452-04,2015-08-25 12:35:22.507672-04,2015-08-25 12:35:23.544133-04,f,"SELECT payment(1, 2, 1984, 1, 2, '', 4838.040000)",active,2015-08-25 12:35:23.544092-04
1440520526.70454,dbt2,17480,10,mark,dbt2-client,,-1,2015-08-25 12:21:26.431618-04,2015-08-25 12:35:26.446849-04,2015-08-25 12:35:26.595597-04,f,FETCH ALL IN mycursor,active,2015-08-25 12:35:26.595529-04
1440520526.70454,dbt2,17643,10,mark,dbt2-client,,-1,2015-08-25 12:21:27.431827-04,,2015-08-25 12:35:24.508204-04,f,COMMIT,active,2015-08-25 12:35:24.508161-04
1440520526.70454,dbt2,17679,10,mark,dbt2-client,,-1,2015-08-25 12:21:28.432018-04,,2015-08-25 12:35:24.472476-04,f,COMMIT,active,2015-08-25 12:35:24.47243-04
1440520526.70454,dbt2,17684,10,mark,dbt2-client,,-1,2015-08-25 12:21:29.432145-04,,2015-08-25 12:35:24.878828-04,f,COMMIT,active,2015-08-25 12:35:24.878782-04
1440520526.70454,dbt2,17689,10,mark,dbt2-client,,-1,2015-08-25 12:21:30.43244-04,,2015-08-25 12:35:24.22059-04,f,COMMIT,active,2015-08-25 12:35:24.220526-04
1440520526.70454,dbt2,17694,10,mark,dbt2-client,,-1,2015-08-25 12:21:31.432672-04,,2015-08-25 12:35:23.980781-04,f,COMMIT,active,2015-08-25 12:35:23.980735-04
1440520526.70454,dbt2,17699,10,mark,dbt2-client,,-1,2015-08-25 12:21:32.432662-04,,2015-08-25 12:35:24.111822-04,f,COMMIT,active,2015-08-25 12:35:24.111774-04
1440520526.70454,dbt2,17704,10,mark,dbt2-client,,-1,2015-08-25 12:21:33.432882-04,,2015-08-25 12:35:24.44957-04,f,COMMIT,active,2015-08-25 12:35:24.449529-04
1440520526.70454,dbt2,18130,10,mark,psql,,-1,2015-08-25 12:35:26.69896-04,2015-08-25 12:35:26.702825-04,2015-08-25 12:35:26.70792-04,f,"COPY (SELECT EXTRACT(EPOCH FROM TRANSACTION_TIMESTAMP()) AS ctime, relname, pid, mode, granted FROM pg_locks, pg_class WHERE relfilenode = relation ORDER BY relname) TO STDOUT (FORMAT CSV);",active,2015-08-25 12:35:26.704724-04
1440520526.70454,dbt2,18132,10,mark,psql,,-1,2015-08-25 12:35:26.699216-04,2015-08-25 12:35:26.701817-04,2015-08-25 12:35:26.706241-04,f,"COPY (SELECT EXTRACT(EPOCH FROM TRANSACTION_TIMESTAMP()) AS ctime, datname, pid, usesysid, usename, application_name, client_addr, client_port, backend_start, xact_start, query_start, waiting, query , state, state_change FROM pg_stat_activity) TO STDOUT (FORMAT CSV);",active,2015-08-25 12:35:26.704274-04
1440520526.70454,dbt2,18133,10,mark,psql,,-1,2015-08-25 12:35:26.700567-04,2015-08-25 12:35:26.703256-04,2015-08-25 12:35:26.708855-04,f,"COPY (SELECT EXTRACT(EPOCH FROM TRANSACTION_TIMESTAMP()) AS ctime, a.schemaname, a.relname, a.indexrelname, idx_scan, idx_tup_read, idx_tup_fetch, idx_blks_read, idx_blks_hit FROM pg_stat_all_indexes a, pg_statio_all_indexes b WHERE a.indexrelid = b.indexrelid) TO STDOUT (FORMAT CSV);",active,2015-08-25 12:35:26.706804-04
1440520526.70454,dbt2,18137,10,mark,psql,,-1,2015-08-25 12:35:26.701646-04,2015-08-25 12:35:26.703649-04,2015-08-25 12:35:26.707088-04,f,"COPY (SELECT EXTRACT(EPOCH FROM TRANSACTION_TIMESTAMP()) AS ctime, datname, numbackends, xact_commit, xact_rollback, blks_read, blks_hit, tup_returned, tup_fetched, tup_inserted, tup_updated, tup_deleted FROM pg_stat_database) TO STDOUT (FORMAT CSV);",active,2015-08-25 12:35:26.705658-04
1440520586.70598,dbt2,17472,10,mark,dbt2-client,,-1,2015-08-25 12:21:24.431142-04,2015-08-25 12:36:09.25791-04,2015-08-25 12:36:24.1011-04,f,COMMIT,active,2015-08-25 12:36:24.100966-04
1440520586.70598,dbt2,17477,10,mark,dbt2-client,,-1,2015-08-25 12:21:25.431452-04,2015-08-25 12:36:09.212447-04,2015-08-25 12:36:18.870524-04,f,COMMIT,active,2015-08-25 12:36:18.870447-04
1440520586.70598,dbt2,17480,10,mark,dbt2-client,,-1,2015-08-25 12:21:26.431618-04,2015-08-25 12:35:56.036372-04,2015-08-25 12:35:56.303599-04,f,"SELECT stock_level(1, 9, 11)",active,2015-08-25 12:35:56.303532-04
1440520586.70598,dbt2,17643,10,mark,dbt2-client,,-1,2015-08-25 12:21:27.431827-04,2015-08-25 12:36:09.242128-04,2015-08-25 12:36:24.085919-04,f,COMMIT,active,2015-08-25 12:36:24.085883-04
1440520586.70598,dbt2,17679,10,mark,dbt2-client,,-1,2015-08-25 12:21:28.432018-04,2015-08-25 12:36:09.212091-04,2015-08-25 12:36:23.871835-04,f,COMMIT,active,2015-08-25 12:36:23.871784-04
1440520586.70598,dbt2,17684,10,mark,dbt2-client,,-1,2015-08-25 12:21:29.432145-04,2015-08-25 12:36:09.307308-04,2015-08-25 12:36:23.769767-04,f,"SELECT payment(1, 6, 2988, 1, 6, '', 325.280000)",active,2015-08-25 12:36:23.769697-04
1440520586.70598,dbt2,17689,10,mark,dbt2-client,,-1,2015-08-25 12:21:30.43244-04,2015-08-25 12:36:09.116584-04,2015-08-25 12:36:23.769967-04,f,FETCH ALL IN mycursor,active,2015-08-25 12:36:23.769873-04
1440520586.70598,dbt2,17694,10,mark,dbt2-client,,-1,2015-08-25 12:21:31.432672-04,2015-08-25 12:36:08.869682-04,2015-08-25 12:36:14.550938-04,f,COMMIT,active,2015-08-25 12:36:14.550893-04
1440520586.70598,dbt2,17699,10,mark,dbt2-client,,-1,2015-08-25 12:21:32.432662-04,2015-08-25 12:36:08.833574-04,2015-08-25 12:36:23.770712-04,f,FETCH ALL IN mycursor,active,2015-08-25 12:36:23.770641-04
1440520586.70598,dbt2,17704,10,mark,dbt2-client,,-1,2015-08-25 12:21:33.432882-04,2015-08-25 12:36:09.379754-04,2015-08-25 12:36:23.770317-04,f,"SELECT payment(1, 5, 0, 1, 5, 'CALLYPRIESE', 2457.170000)",active,2015-08-25 12:36:23.77024-04
1440520586.70598,dbt2,18164,10,mark,psql,,-1,2015-08-25 12:36:26.701166-04,2015-08-25 12:36:26.703451-04,2015-08-25 12:36:26.707013-04,f,"COPY (SELECT EXTRACT(EPOCH FROM TRANSACTION_TIMESTAMP()) AS ctime, datname, numbackends, xact_commit, xact_rollback, blks_read, blks_hit, tup_returned, tup_fetched, tup_inserted, tup_updated, tup_deleted FROM pg_stat_database) TO STDOUT (FORMAT CSV);",active,2015-08-25 12:36:26.705356-04
1440520586.70598,dbt2,18165,10,mark,psql,,-1,2015-08-25 12:36:26.701345-04,2015-08-25 12:36:26.702777-04,2015-08-25 12:36:26.706583-04,f,"COPY (SELECT EXTRACT(EPOCH FROM TRANSACTION_TIMESTAMP()) AS ctime, datname, pid, usesysid, usename, application_name, client_addr, client_port, backend_start, xact_start, query_start, waiting, query , state, state_change FROM pg_stat_activity) TO STDOUT (FORMAT CSV);",active,2015-08-25 12:36:26.705774-04
1440520586.70598,dbt2,18166,10,mark,psql,,-1,2015-08-25 12:36:26.701615-04,2015-08-25 12:36:26.702734-04,2015-08-25 12:36:26.705558-04,f,"COPY (SELECT EXTRACT(EPOCH FROM TRANSACTION_TIMESTAMP()) AS ctime, a.schemaname, a.relname, seq_scan, seq_tup_read, idx_scan, idx_tup_fetch, n_tup_ins, n_tup_upd, n_tup_del, n_tup_hot_upd, n_live_tup, n_dead_tup, heap_blks_read, heap_blks_hit, idx_blks_read, idx_blks_hit, toast_blks_read, toast_blks_hit, tidx_blks_read, tidx_blks_hit FROM pg_statio_all_tables a, pg_stat_all_tables b WHERE a.relid = b.relid) TO STDOUT (FORMAT CSV);",active,2015-08-25 12:36:26.705025-04
1440520586.70598,dbt2,18167,10,mark,psql,,-1,2015-08-25 12:36:26.702334-04,2015-08-25 12:36:26.70349-04,2015-08-25 12:36:26.706223-04,f,"COPY (SELECT EXTRACT(EPOCH FROM TRANSACTION_TIMESTAMP()) AS ctime, a.schemaname, a.relname, a.indexrelname, idx_scan, idx_tup_read, idx_tup_fetch, idx_blks_read, idx_blks_hit FROM pg_stat_all_indexes a, pg_statio_all_indexes b WHERE a.indexrelid = b.indexrelid) TO STDOUT (FORMAT CSV);",active,2015-08-25 12:36:26.705666-04
