ctime,relname,pid,mode,granted
1440519686.65771,customer,17472,AccessShareLock,t
1440519686.65771,district,17472,RowExclusiveLock,t
1440519686.65771,district,17472,RowShareLock,t
1440519686.65771,i_customer,17472,AccessShareLock,t
1440519686.65771,item,17472,AccessShareLock,t
1440519686.65771,new_order,17472,RowExclusiveLock,t
1440519686.65771,order_line,17472,RowExclusiveLock,t
1440519686.65771,orders,17472,RowExclusiveLock,t
1440519686.65771,pg_locks,17632,AccessShareLock,t
1440519686.65771,pg_stat_activity,17633,AccessShareLock,t
1440519686.65771,pk_customer,17472,AccessShareLock,t
1440519686.65771,pk_district,17472,AccessShareLock,t
1440519686.65771,pk_district,17472,RowExclusiveLock,t
1440519686.65771,pk_item,17472,AccessShareLock,t
1440519686.65771,pk_stock,17472,AccessShareLock,t
1440519686.65771,pk_stock,17472,RowExclusiveLock,t
1440519686.65771,pk_warehouse,17472,AccessShareLock,t
1440519686.65771,stock,17472,RowExclusiveLock,t
1440519686.65771,stock,17472,AccessShareLock,t
1440519686.65771,warehouse,17472,AccessShareLock,t
1440519746.6741,customer,17679,AccessShareLock,t
1440519746.6741,customer,17480,AccessShareLock,t
1440519746.6741,customer,17477,AccessShareLock,t
1440519746.6741,customer,17472,AccessShareLock,t
1440519746.6741,customer,17699,AccessShareLock,t
1440519746.6741,district,17472,RowExclusiveLock,t
1440519746.6741,district,17472,RowShareLock,t
1440519746.6741,district,17477,RowExclusiveLock,t
1440519746.6741,district,17477,RowShareLock,t
1440519746.6741,district,17679,RowShareLock,t
1440519746.6741,district,17679,RowExclusiveLock,t
1440519746.6741,district,17643,RowShareLock,t
1440519746.6741,district,17694,AccessShareLock,t
1440519746.6741,district,17480,RowShareLock,t
1440519746.6741,district,17480,RowExclusiveLock,t
1440519746.6741,district,17704,RowShareLock,t
1440519746.6741,district,17699,RowShareLock,t
1440519746.6741,district,17699,RowExclusiveLock,t
1440519746.6741,i_customer,17477,AccessShareLock,t
1440519746.6741,i_customer,17699,AccessShareLock,t
1440519746.6741,i_customer,17679,AccessShareLock,t
1440519746.6741,i_customer,17480,AccessShareLock,t
1440519746.6741,i_customer,17472,AccessShareLock,t
1440519746.6741,item,17472,AccessShareLock,t
1440519746.6741,item,17699,AccessShareLock,t
1440519746.6741,item,17480,AccessShareLock,t
1440519746.6741,item,17477,AccessShareLock,t
1440519746.6741,new_order,17699,RowExclusiveLock,t
1440519746.6741,new_order,17679,RowExclusiveLock,t
1440519746.6741,new_order,17480,RowExclusiveLock,t
1440519746.6741,new_order,17477,RowExclusiveLock,t
1440519746.6741,new_order,17472,RowExclusiveLock,t
1440519746.6741,order_line,17694,AccessShareLock,t
1440519746.6741,order_line,17480,RowExclusiveLock,t
1440519746.6741,order_line,17477,RowExclusiveLock,t
1440519746.6741,order_line,17472,RowExclusiveLock,t
1440519746.6741,orders,17679,RowExclusiveLock,t
1440519746.6741,orders,17699,RowExclusiveLock,t
1440519746.6741,orders,17477,RowExclusiveLock,t
1440519746.6741,orders,17480,RowExclusiveLock,t
1440519746.6741,orders,17472,RowExclusiveLock,t
1440519746.6741,pg_locks,17748,AccessShareLock,t
1440519746.6741,pg_stat_all_indexes,17746,AccessShareLock,t
1440519746.6741,pg_stat_database,17744,AccessShareLock,t
1440519746.6741,pg_statio_all_indexes,17746,AccessShareLock,t
1440519746.6741,pk_customer,17477,AccessShareLock,t
1440519746.6741,pk_customer,17472,AccessShareLock,t
1440519746.6741,pk_customer,17480,AccessShareLock,t
1440519746.6741,pk_customer,17679,AccessShareLock,t
1440519746.6741,pk_customer,17699,AccessShareLock,t
1440519746.6741,pk_district,17699,RowExclusiveLock,t
1440519746.6741,pk_district,17699,AccessShareLock,t
1440519746.6741,pk_district,17704,AccessShareLock,t
1440519746.6741,pk_district,17679,RowExclusiveLock,t
1440519746.6741,pk_district,17643,AccessShareLock,t
1440519746.6741,pk_district,17694,AccessShareLock,t
1440519746.6741,pk_district,17480,AccessShareLock,t
1440519746.6741,pk_district,17480,RowExclusiveLock,t
1440519746.6741,pk_district,17477,AccessShareLock,t
1440519746.6741,pk_district,17477,RowExclusiveLock,t
1440519746.6741,pk_district,17472,AccessShareLock,t
1440519746.6741,pk_district,17472,RowExclusiveLock,t
1440519746.6741,pk_district,17679,AccessShareLock,t
1440519746.6741,pk_item,17699,AccessShareLock,t
1440519746.6741,pk_item,17480,AccessShareLock,t
1440519746.6741,pk_item,17477,AccessShareLock,t
1440519746.6741,pk_item,17472,AccessShareLock,t
1440519746.6741,pk_order_line,17694,AccessShareLock,t
1440519746.6741,pk_stock,17699,AccessShareLock,t
1440519746.6741,pk_stock,17472,RowExclusiveLock,t
1440519746.6741,pk_stock,17472,AccessShareLock,t
1440519746.6741,pk_stock,17477,RowExclusiveLock,t
1440519746.6741,pk_stock,17477,AccessShareLock,t
1440519746.6741,pk_stock,17480,RowExclusiveLock,t
1440519746.6741,pk_stock,17480,AccessShareLock,t
1440519746.6741,pk_stock,17694,AccessShareLock,t
1440519746.6741,pk_stock,17699,RowExclusiveLock,t
1440519746.6741,pk_warehouse,17472,AccessShareLock,t
1440519746.6741,pk_warehouse,17704,AccessShareLock,t
1440519746.6741,pk_warehouse,17699,AccessShareLock,t
1440519746.6741,pk_warehouse,17679,AccessShareLock,t
1440519746.6741,pk_warehouse,17684,AccessShareLock,t
1440519746.6741,pk_warehouse,17643,AccessShareLock,t
1440519746.6741,pk_warehouse,17689,AccessShareLock,t
1440519746.6741,pk_warehouse,17480,AccessShareLock,t
1440519746.6741,pk_warehouse,17477,AccessShareLock,t
1440519746.6741,stock,17472,RowExclusiveLock,t
1440519746.6741,stock,17472,AccessShareLock,t
1440519746.6741,stock,17477,RowExclusiveLock,t
1440519746.6741,stock,17477,AccessShareLock,t
1440519746.6741,stock,17480,RowExclusiveLock,t
1440519746.6741,stock,17480,AccessShareLock,t
1440519746.6741,stock,17694,AccessShareLock,t
1440519746.6741,stock,17699,RowExclusiveLock,t
1440519746.6741,stock,17699,AccessShareLock,t
1440519746.6741,warehouse,17472,AccessShareLock,t
1440519746.6741,warehouse,17704,AccessShareLock,t
1440519746.6741,warehouse,17699,AccessShareLock,t
1440519746.6741,warehouse,17679,AccessShareLock,t
1440519746.6741,warehouse,17684,AccessShareLock,t
1440519746.6741,warehouse,17643,AccessShareLock,t
1440519746.6741,warehouse,17689,AccessShareLock,t
1440519746.6741,warehouse,17480,AccessShareLock,t
1440519746.6741,warehouse,17477,AccessShareLock,t
1440519806.67459,pg_locks,17774,AccessShareLock,t
1440519806.67459,pg_stat_database,17777,AccessShareLock,t
1440519806.67459,pk_warehouse,17477,AccessShareLock,t
1440519806.67459,pk_warehouse,17472,AccessShareLock,t
1440519806.67459,pk_warehouse,17480,AccessShareLock,t
1440519806.67459,pk_warehouse,17689,AccessShareLock,t
1440519806.67459,pk_warehouse,17694,AccessShareLock,t
1440519806.67459,pk_warehouse,17643,AccessShareLock,t
1440519806.67459,pk_warehouse,17684,AccessShareLock,t
1440519806.67459,pk_warehouse,17679,AccessShareLock,t
1440519806.67459,pk_warehouse,17699,AccessShareLock,t
1440519806.67459,warehouse,17477,AccessShareLock,t
1440519806.67459,warehouse,17689,AccessShareLock,t
1440519806.67459,warehouse,17694,AccessShareLock,t
1440519806.67459,warehouse,17643,AccessShareLock,t
1440519806.67459,warehouse,17684,AccessShareLock,t
1440519806.67459,warehouse,17679,AccessShareLock,t
1440519806.67459,warehouse,17699,AccessShareLock,t
1440519806.67459,warehouse,17480,AccessShareLock,t
1440519806.67459,warehouse,17472,AccessShareLock,t
1440519866.66873,customer,17472,AccessShareLock,t
1440519866.66873,customer,17704,AccessShareLock,t
1440519866.66873,customer,17704,RowExclusiveLock,t
1440519866.66873,district,17704,RowExclusiveLock,t
1440519866.66873,district,17472,RowExclusiveLock,t
1440519866.66873,district,17472,RowShareLock,t
1440519866.66873,district,17704,AccessShareLock,t
1440519866.66873,history,17704,RowExclusiveLock,t
1440519866.66873,i_customer,17704,AccessShareLock,t
1440519866.66873,i_customer,17704,RowExclusiveLock,t
1440519866.66873,i_customer,17472,AccessShareLock,t
1440519866.66873,item,17472,AccessShareLock,t
1440519866.66873,new_order,17472,RowExclusiveLock,t
1440519866.66873,orders,17472,RowExclusiveLock,t
1440519866.66873,pg_locks,17798,AccessShareLock,t
1440519866.66873,pg_stat_activity,17799,AccessShareLock,t
1440519866.66873,pg_stat_all_tables,17803,AccessShareLock,t
1440519866.66873,pg_statio_all_tables,17803,AccessShareLock,t
1440519866.66873,pk_customer,17704,AccessShareLock,t
1440519866.66873,pk_customer,17472,AccessShareLock,t
1440519866.66873,pk_customer,17704,RowExclusiveLock,t
1440519866.66873,pk_district,17472,AccessShareLock,t
1440519866.66873,pk_district,17472,RowExclusiveLock,t
1440519866.66873,pk_district,17704,AccessShareLock,t
1440519866.66873,pk_district,17704,RowExclusiveLock,t
1440519866.66873,pk_item,17472,AccessShareLock,t
1440519866.66873,pk_stock,17472,AccessShareLock,t
1440519866.66873,pk_warehouse,17704,RowExclusiveLock,t
1440519866.66873,pk_warehouse,17472,AccessShareLock,t
1440519866.66873,pk_warehouse,17704,AccessShareLock,t
1440519866.66873,stock,17472,AccessShareLock,t
1440519866.66873,warehouse,17704,AccessShareLock,t
1440519866.66873,warehouse,17704,RowExclusiveLock,t
1440519866.66873,warehouse,17472,AccessShareLock,t
1440519926.67518,customer,17679,AccessShareLock,t
1440519926.67518,customer,17480,AccessShareLock,t
1440519926.67518,customer,17477,RowExclusiveLock,t
1440519926.67518,customer,17472,AccessShareLock,t
1440519926.67518,customer,17699,AccessShareLock,t
1440519926.67518,district,17679,RowExclusiveLock,t
1440519926.67518,district,17643,AccessShareLock,t
1440519926.67518,district,17643,RowExclusiveLock,t
1440519926.67518,district,17689,RowShareLock,t
1440519926.67518,district,17480,RowShareLock,t
1440519926.67518,district,17480,RowExclusiveLock,t
1440519926.67518,district,17472,RowExclusiveLock,t
1440519926.67518,district,17472,RowShareLock,t
1440519926.67518,district,17704,AccessShareLock,t
1440519926.67518,district,17699,RowShareLock,t
1440519926.67518,district,17699,RowExclusiveLock,t
1440519926.67518,district,17679,RowShareLock,t
1440519926.67518,i_customer,17480,AccessShareLock,t
1440519926.67518,i_customer,17699,AccessShareLock,t
1440519926.67518,i_customer,17679,AccessShareLock,t
1440519926.67518,i_customer,17477,RowExclusiveLock,t
1440519926.67518,i_customer,17472,AccessShareLock,t
1440519926.67518,i_orders,17477,AccessShareLock,t
1440519926.67518,i_orders,17477,RowExclusiveLock,t
1440519926.67518,item,17480,AccessShareLock,t
1440519926.67518,item,17472,AccessShareLock,t
1440519926.67518,new_order,17472,RowExclusiveLock,t
1440519926.67518,new_order,17679,RowExclusiveLock,t
1440519926.67518,new_order,17480,RowExclusiveLock,t
1440519926.67518,new_order,17477,AccessShareLock,t
1440519926.67518,new_order,17477,RowExclusiveLock,t
1440519926.67518,order_line,17472,RowExclusiveLock,t
1440519926.67518,order_line,17477,AccessShareLock,t
1440519926.67518,order_line,17480,RowExclusiveLock,t
1440519926.67518,order_line,17704,AccessShareLock,t
1440519926.67518,order_line,17477,RowExclusiveLock,t
1440519926.67518,orders,17472,RowExclusiveLock,t
1440519926.67518,orders,17477,RowExclusiveLock,t
1440519926.67518,orders,17477,AccessShareLock,t
1440519926.67518,orders,17480,RowExclusiveLock,t
1440519926.67518,pg_locks,17830,AccessShareLock,t
1440519926.67518,pg_stat_all_indexes,17838,AccessShareLock,t
1440519926.67518,pg_stat_all_tables,17833,AccessShareLock,t
1440519926.67518,pg_stat_database,17831,AccessShareLock,t
1440519926.67518,pg_statio_all_indexes,17838,AccessShareLock,t
1440519926.67518,pg_statio_all_tables,17833,AccessShareLock,t
1440519926.67518,pk_customer,17480,AccessShareLock,t
1440519926.67518,pk_customer,17699,AccessShareLock,t
1440519926.67518,pk_customer,17477,RowExclusiveLock,t
1440519926.67518,pk_customer,17679,AccessShareLock,t
1440519926.67518,pk_customer,17472,AccessShareLock,t
1440519926.67518,pk_district,17643,RowExclusiveLock,t
1440519926.67518,pk_district,17472,RowExclusiveLock,t
1440519926.67518,pk_district,17472,AccessShareLock,t
1440519926.67518,pk_district,17480,RowExclusiveLock,t
1440519926.67518,pk_district,17480,AccessShareLock,t
1440519926.67518,pk_district,17689,AccessShareLock,t
1440519926.67518,pk_district,17643,AccessShareLock,t
1440519926.67518,pk_district,17679,RowExclusiveLock,t
1440519926.67518,pk_district,17679,AccessShareLock,t
1440519926.67518,pk_district,17699,RowExclusiveLock,t
1440519926.67518,pk_district,17699,AccessShareLock,t
1440519926.67518,pk_district,17704,AccessShareLock,t
1440519926.67518,pk_item,17472,AccessShareLock,t
1440519926.67518,pk_item,17480,AccessShareLock,t
1440519926.67518,pk_new_order,17477,AccessShareLock,t
1440519926.67518,pk_new_order,17477,RowExclusiveLock,t
1440519926.67518,pk_order_line,17704,AccessShareLock,t
1440519926.67518,pk_order_line,17477,RowExclusiveLock,t
1440519926.67518,pk_order_line,17477,AccessShareLock,t
1440519926.67518,pk_orders,17477,RowExclusiveLock,t
1440519926.67518,pk_orders,17477,AccessShareLock,t
1440519926.67518,pk_stock,17704,AccessShareLock,t
1440519926.67518,pk_stock,17480,AccessShareLock,t
1440519926.67518,pk_stock,17480,RowExclusiveLock,t
1440519926.67518,pk_stock,17472,AccessShareLock,t
1440519926.67518,pk_stock,17472,RowExclusiveLock,t
1440519926.67518,pk_warehouse,17694,RowExclusiveLock,t
1440519926.67518,pk_warehouse,17689,AccessShareLock,t
1440519926.67518,pk_warehouse,17480,AccessShareLock,t
1440519926.67518,pk_warehouse,17472,AccessShareLock,t
1440519926.67518,pk_warehouse,17699,AccessShareLock,t
1440519926.67518,pk_warehouse,17684,RowExclusiveLock,t
1440519926.67518,pk_warehouse,17684,AccessShareLock,t
1440519926.67518,pk_warehouse,17643,AccessShareLock,t
1440519926.67518,pk_warehouse,17643,RowExclusiveLock,t
1440519926.67518,pk_warehouse,17679,AccessShareLock,t
1440519926.67518,pk_warehouse,17694,AccessShareLock,t
1440519926.67518,stock,17480,AccessShareLock,t
1440519926.67518,stock,17472,RowExclusiveLock,t
1440519926.67518,stock,17472,AccessShareLock,t
1440519926.67518,stock,17480,RowExclusiveLock,t
1440519926.67518,stock,17704,AccessShareLock,t
1440519926.67518,warehouse,17694,AccessShareLock,t
1440519926.67518,warehouse,17480,AccessShareLock,t
1440519926.67518,warehouse,17643,RowExclusiveLock,t
1440519926.67518,warehouse,17643,AccessShareLock,t
1440519926.67518,warehouse,17684,RowExclusiveLock,t
1440519926.67518,warehouse,17684,AccessShareLock,t
1440519926.67518,warehouse,17679,AccessShareLock,t
1440519926.67518,warehouse,17694,RowExclusiveLock,t
1440519926.67518,warehouse,17699,AccessShareLock,t
1440519926.67518,warehouse,17472,AccessShareLock,t
1440519926.67518,warehouse,17689,AccessShareLock,t
1440519986.67513,customer,17704,AccessShareLock,t
1440519986.67513,i_customer,17704,AccessShareLock,t
1440519986.67513,pg_locks,17863,AccessShareLock,t
1440519986.67513,pg_stat_activity,17862,AccessShareLock,t
1440519986.67513,pg_stat_all_indexes,17869,AccessShareLock,t
1440519986.67513,pg_stat_all_tables,17865,AccessShareLock,t
1440519986.67513,pg_stat_database,17864,AccessShareLock,t
1440519986.67513,pg_statio_all_indexes,17869,AccessShareLock,t
1440519986.67513,pg_statio_all_tables,17865,AccessShareLock,t
1440519986.67513,pk_customer,17704,AccessShareLock,t
1440519986.67513,pk_warehouse,17643,AccessShareLock,t
1440519986.67513,pk_warehouse,17472,AccessShareLock,t
1440519986.67513,pk_warehouse,17477,AccessShareLock,t
1440519986.67513,pk_warehouse,17480,AccessShareLock,t
1440519986.67513,pk_warehouse,17689,AccessShareLock,t
1440519986.67513,pk_warehouse,17694,AccessShareLock,t
1440519986.67513,pk_warehouse,17684,AccessShareLock,t
1440519986.67513,pk_warehouse,17679,AccessShareLock,t
1440519986.67513,pk_warehouse,17699,AccessShareLock,t
1440519986.67513,warehouse,17472,AccessShareLock,t
1440519986.67513,warehouse,17699,AccessShareLock,t
1440519986.67513,warehouse,17679,AccessShareLock,t
1440519986.67513,warehouse,17684,AccessShareLock,t
1440519986.67513,warehouse,17643,AccessShareLock,t
1440519986.67513,warehouse,17694,AccessShareLock,t
1440519986.67513,warehouse,17689,AccessShareLock,t
1440519986.67513,warehouse,17480,AccessShareLock,t
1440519986.67513,warehouse,17477,AccessShareLock,t
1440520046.68507,new_order,17643,AccessShareLock,t
1440520046.68507,pg_locks,17891,AccessShareLock,t
1440520046.68507,pg_stat_all_indexes,17892,AccessShareLock,t
1440520046.68507,pg_stat_all_tables,17887,AccessShareLock,t
1440520046.68507,pg_stat_database,17886,AccessShareLock,t
1440520046.68507,pg_statio_all_indexes,17892,AccessShareLock,t
1440520046.68507,pg_statio_all_tables,17887,AccessShareLock,t
1440520046.68507,pk_new_order,17643,AccessShareLock,t
1440520046.68507,pk_warehouse,17684,AccessShareLock,t
1440520046.68507,pk_warehouse,17472,AccessShareLock,t
1440520046.68507,pk_warehouse,17480,AccessShareLock,t
1440520046.68507,pk_warehouse,17689,AccessShareLock,t
1440520046.68507,pk_warehouse,17694,AccessShareLock,t
1440520046.68507,pk_warehouse,17679,AccessShareLock,t
1440520046.68507,pk_warehouse,17699,AccessShareLock,t
1440520046.68507,pk_warehouse,17704,AccessShareLock,t
1440520046.68507,warehouse,17472,AccessShareLock,t
1440520046.68507,warehouse,17704,AccessShareLock,t
1440520046.68507,warehouse,17699,AccessShareLock,t
1440520046.68507,warehouse,17679,AccessShareLock,t
1440520046.68507,warehouse,17684,AccessShareLock,t
1440520046.68507,warehouse,17694,AccessShareLock,t
1440520046.68507,warehouse,17689,AccessShareLock,t
1440520046.68507,warehouse,17480,AccessShareLock,t
1440520106.68163,customer,17472,RowExclusiveLock,t
1440520106.68163,customer,17699,AccessShareLock,t
1440520106.68163,customer,17689,AccessShareLock,t
1440520106.68163,customer,17472,AccessShareLock,t
1440520106.68163,district,17472,AccessShareLock,t
1440520106.68163,district,17472,RowExclusiveLock,t
1440520106.68163,district,17699,RowShareLock,t
1440520106.68163,district,17699,RowExclusiveLock,t
1440520106.68163,district,17689,RowShareLock,t
1440520106.68163,district,17689,RowExclusiveLock,t
1440520106.68163,district,17477,AccessShareLock,t
1440520106.68163,district,17477,RowExclusiveLock,t
1440520106.68163,history,17472,RowExclusiveLock,t
1440520106.68163,i_customer,17472,AccessShareLock,t
1440520106.68163,i_customer,17699,AccessShareLock,t
1440520106.68163,i_customer,17689,AccessShareLock,t
1440520106.68163,i_customer,17472,RowExclusiveLock,t
1440520106.68163,item,17689,AccessShareLock,t
1440520106.68163,new_order,17699,RowExclusiveLock,t
1440520106.68163,new_order,17689,RowExclusiveLock,t
1440520106.68163,order_line,17689,RowExclusiveLock,t
1440520106.68163,orders,17689,RowExclusiveLock,t
1440520106.68163,pg_locks,17918,AccessShareLock,t
1440520106.68163,pg_stat_activity,17916,AccessShareLock,t
1440520106.68163,pg_stat_all_indexes,17921,AccessShareLock,t
1440520106.68163,pg_stat_all_tables,17917,AccessShareLock,t
1440520106.68163,pg_statio_all_indexes,17921,AccessShareLock,t
1440520106.68163,pg_statio_all_tables,17917,AccessShareLock,t
1440520106.68163,pk_customer,17472,AccessShareLock,t
1440520106.68163,pk_customer,17472,RowExclusiveLock,t
1440520106.68163,pk_customer,17689,AccessShareLock,t
1440520106.68163,pk_customer,17699,AccessShareLock,t
1440520106.68163,pk_district,17689,RowExclusiveLock,t
1440520106.68163,pk_district,17477,AccessShareLock,t
1440520106.68163,pk_district,17477,RowExclusiveLock,t
1440520106.68163,pk_district,17472,AccessShareLock,t
1440520106.68163,pk_district,17472,RowExclusiveLock,t
1440520106.68163,pk_district,17689,AccessShareLock,t
1440520106.68163,pk_district,17699,RowExclusiveLock,t
1440520106.68163,pk_district,17699,AccessShareLock,t
1440520106.68163,pk_item,17689,AccessShareLock,t
1440520106.68163,pk_stock,17689,RowExclusiveLock,t
1440520106.68163,pk_stock,17689,AccessShareLock,t
1440520106.68163,pk_warehouse,17694,AccessShareLock,t
1440520106.68163,pk_warehouse,17694,RowExclusiveLock,t
1440520106.68163,pk_warehouse,17689,AccessShareLock,t
1440520106.68163,pk_warehouse,17477,AccessShareLock,t
1440520106.68163,pk_warehouse,17477,RowExclusiveLock,t
1440520106.68163,pk_warehouse,17472,AccessShareLock,t
1440520106.68163,pk_warehouse,17472,RowExclusiveLock,t
1440520106.68163,pk_warehouse,17699,AccessShareLock,t
1440520106.68163,stock,17689,RowExclusiveLock,t
1440520106.68163,stock,17689,AccessShareLock,t
1440520106.68163,warehouse,17689,AccessShareLock,t
1440520106.68163,warehouse,17477,AccessShareLock,t
1440520106.68163,warehouse,17477,RowExclusiveLock,t
1440520106.68163,warehouse,17472,AccessShareLock,t
1440520106.68163,warehouse,17699,AccessShareLock,t
1440520106.68163,warehouse,17472,RowExclusiveLock,t
1440520106.68163,warehouse,17694,AccessShareLock,t
1440520106.68163,warehouse,17694,RowExclusiveLock,t
1440520166.68405,customer,17704,AccessShareLock,t
1440520166.68405,customer,17472,RowExclusiveLock,t
1440520166.68405,customer,17472,AccessShareLock,t
1440520166.68405,customer,17689,AccessShareLock,t
1440520166.68405,customer,17694,AccessShareLock,t
1440520166.68405,customer,17643,RowExclusiveLock,t
1440520166.68405,customer,17643,AccessShareLock,t
1440520166.68405,customer,17699,AccessShareLock,t
1440520166.68405,district,17643,RowExclusiveLock,t
1440520166.68405,district,17704,RowShareLock,t
1440520166.68405,district,17704,RowExclusiveLock,t
1440520166.68405,district,17699,RowShareLock,t
1440520166.68405,district,17699,RowExclusiveLock,t
1440520166.68405,district,17679,AccessShareLock,t
1440520166.68405,district,17472,RowExclusiveLock,t
1440520166.68405,district,17472,AccessShareLock,t
1440520166.68405,district,17689,RowExclusiveLock,t
1440520166.68405,district,17689,RowShareLock,t
1440520166.68405,district,17694,RowExclusiveLock,t
1440520166.68405,district,17694,RowShareLock,t
1440520166.68405,district,17643,AccessShareLock,t
1440520166.68405,history,17472,RowExclusiveLock,t
1440520166.68405,history,17643,RowExclusiveLock,t
1440520166.68405,i_customer,17643,AccessShareLock,t
1440520166.68405,i_customer,17704,AccessShareLock,t
1440520166.68405,i_customer,17689,AccessShareLock,t
1440520166.68405,i_customer,17694,AccessShareLock,t
1440520166.68405,i_customer,17643,RowExclusiveLock,t
1440520166.68405,i_customer,17699,AccessShareLock,t
1440520166.68405,i_customer,17472,RowExclusiveLock,t
1440520166.68405,i_customer,17472,AccessShareLock,t
1440520166.68405,item,17694,AccessShareLock,t
1440520166.68405,item,17689,AccessShareLock,t
1440520166.68405,item,17699,AccessShareLock,t
1440520166.68405,item,17704,AccessShareLock,t
1440520166.68405,new_order,17699,RowExclusiveLock,t
1440520166.68405,new_order,17689,RowExclusiveLock,t
1440520166.68405,new_order,17694,RowExclusiveLock,t
1440520166.68405,new_order,17704,RowExclusiveLock,t
1440520166.68405,order_line,17704,RowExclusiveLock,t
1440520166.68405,order_line,17689,RowExclusiveLock,t
1440520166.68405,order_line,17694,RowExclusiveLock,t
1440520166.68405,order_line,17679,AccessShareLock,t
1440520166.68405,order_line,17699,RowExclusiveLock,t
1440520166.68405,orders,17689,RowExclusiveLock,t
1440520166.68405,orders,17704,RowExclusiveLock,t
1440520166.68405,orders,17699,RowExclusiveLock,t
1440520166.68405,orders,17694,RowExclusiveLock,t
1440520166.68405,pg_locks,17941,AccessShareLock,t
1440520166.68405,pg_stat_activity,17944,AccessShareLock,t
1440520166.68405,pg_stat_all_indexes,17943,AccessShareLock,t
1440520166.68405,pg_stat_all_tables,17942,AccessShareLock,t
1440520166.68405,pg_statio_all_indexes,17943,AccessShareLock,t
1440520166.68405,pg_statio_all_tables,17942,AccessShareLock,t
1440520166.68405,pk_customer,17704,AccessShareLock,t
1440520166.68405,pk_customer,17472,RowExclusiveLock,t
1440520166.68405,pk_customer,17472,AccessShareLock,t
1440520166.68405,pk_customer,17689,AccessShareLock,t
1440520166.68405,pk_customer,17694,AccessShareLock,t
1440520166.68405,pk_customer,17643,RowExclusiveLock,t
1440520166.68405,pk_customer,17643,AccessShareLock,t
1440520166.68405,pk_customer,17699,AccessShareLock,t
1440520166.68405,pk_district,17643,RowExclusiveLock,t
1440520166.68405,pk_district,17704,RowExclusiveLock,t
1440520166.68405,pk_district,17699,AccessShareLock,t
1440520166.68405,pk_district,17699,RowExclusiveLock,t
1440520166.68405,pk_district,17679,AccessShareLock,t
1440520166.68405,pk_district,17643,AccessShareLock,t
1440520166.68405,pk_district,17689,RowExclusiveLock,t
1440520166.68405,pk_district,17472,AccessShareLock,t
1440520166.68405,pk_district,17472,RowExclusiveLock,t
1440520166.68405,pk_district,17694,AccessShareLock,t
1440520166.68405,pk_district,17694,RowExclusiveLock,t
1440520166.68405,pk_district,17689,AccessShareLock,t
1440520166.68405,pk_district,17704,AccessShareLock,t
1440520166.68405,pk_item,17699,AccessShareLock,t
1440520166.68405,pk_item,17704,AccessShareLock,t
1440520166.68405,pk_item,17689,AccessShareLock,t
1440520166.68405,pk_item,17694,AccessShareLock,t
1440520166.68405,pk_order_line,17679,AccessShareLock,t
1440520166.68405,pk_stock,17704,AccessShareLock,t
1440520166.68405,pk_stock,17689,RowExclusiveLock,t
1440520166.68405,pk_stock,17689,AccessShareLock,t
1440520166.68405,pk_stock,17694,RowExclusiveLock,t
1440520166.68405,pk_stock,17694,AccessShareLock,t
1440520166.68405,pk_stock,17679,AccessShareLock,t
1440520166.68405,pk_stock,17699,RowExclusiveLock,t
1440520166.68405,pk_stock,17699,AccessShareLock,t
1440520166.68405,pk_stock,17704,RowExclusiveLock,t
1440520166.68405,pk_warehouse,17480,AccessShareLock,t
1440520166.68405,pk_warehouse,17480,RowExclusiveLock,t
1440520166.68405,pk_warehouse,17477,AccessShareLock,t
1440520166.68405,pk_warehouse,17477,RowExclusiveLock,t
1440520166.68405,pk_warehouse,17472,AccessShareLock,t
1440520166.68405,pk_warehouse,17472,RowExclusiveLock,t
1440520166.68405,pk_warehouse,17704,AccessShareLock,t
1440520166.68405,pk_warehouse,17699,AccessShareLock,t
1440520166.68405,pk_warehouse,17684,AccessShareLock,t
1440520166.68405,pk_warehouse,17684,RowExclusiveLock,t
1440520166.68405,pk_warehouse,17643,AccessShareLock,t
1440520166.68405,pk_warehouse,17643,RowExclusiveLock,t
1440520166.68405,pk_warehouse,17694,AccessShareLock,t
1440520166.68405,pk_warehouse,17689,AccessShareLock,t
1440520166.68405,stock,17689,RowExclusiveLock,t
1440520166.68405,stock,17689,AccessShareLock,t
1440520166.68405,stock,17694,RowExclusiveLock,t
1440520166.68405,stock,17694,AccessShareLock,t
1440520166.68405,stock,17679,AccessShareLock,t
1440520166.68405,stock,17699,RowExclusiveLock,t
1440520166.68405,stock,17699,AccessShareLock,t
1440520166.68405,stock,17704,RowExclusiveLock,t
1440520166.68405,stock,17704,AccessShareLock,t
1440520166.68405,warehouse,17684,RowExclusiveLock,t
1440520166.68405,warehouse,17643,AccessShareLock,t
1440520166.68405,warehouse,17643,RowExclusiveLock,t
1440520166.68405,warehouse,17694,AccessShareLock,t
1440520166.68405,warehouse,17480,AccessShareLock,t
1440520166.68405,warehouse,17689,AccessShareLock,t
1440520166.68405,warehouse,17480,RowExclusiveLock,t
1440520166.68405,warehouse,17477,AccessShareLock,t
1440520166.68405,warehouse,17477,RowExclusiveLock,t
1440520166.68405,warehouse,17472,AccessShareLock,t
1440520166.68405,warehouse,17472,RowExclusiveLock,t
1440520166.68405,warehouse,17704,AccessShareLock,t
1440520166.68405,warehouse,17699,AccessShareLock,t
1440520166.68405,warehouse,17684,AccessShareLock,t
1440520226.68796,customer,17679,AccessShareLock,t
1440520226.68796,i_customer,17679,AccessShareLock,t
1440520226.68796,new_order,17472,AccessShareLock,t
1440520226.68796,pg_locks,17987,AccessShareLock,t
1440520226.68796,pg_stat_activity,17989,AccessShareLock,t
1440520226.68796,pg_stat_all_tables,17993,AccessShareLock,t
1440520226.68796,pg_stat_database,17988,AccessShareLock,t
1440520226.68796,pg_statio_all_tables,17993,AccessShareLock,t
1440520226.68796,pk_customer,17679,AccessShareLock,t
1440520226.68796,pk_new_order,17472,AccessShareLock,t
1440520226.68796,pk_warehouse,17684,AccessShareLock,t
1440520226.68796,pk_warehouse,17477,AccessShareLock,t
1440520226.68796,pk_warehouse,17480,AccessShareLock,t
1440520226.68796,pk_warehouse,17689,AccessShareLock,t
1440520226.68796,pk_warehouse,17694,AccessShareLock,t
1440520226.68796,pk_warehouse,17643,AccessShareLock,t
1440520226.68796,pk_warehouse,17699,AccessShareLock,t
1440520226.68796,warehouse,17477,AccessShareLock,t
1440520226.68796,warehouse,17699,AccessShareLock,t
1440520226.68796,warehouse,17684,AccessShareLock,t
1440520226.68796,warehouse,17643,AccessShareLock,t
1440520226.68796,warehouse,17694,AccessShareLock,t
1440520226.68796,warehouse,17689,AccessShareLock,t
1440520226.68796,warehouse,17480,AccessShareLock,t
1440520286.69444,customer,17704,AccessShareLock,t
1440520286.69444,customer,17704,RowExclusiveLock,t
1440520286.69444,customer,17699,AccessShareLock,t
1440520286.69444,customer,17684,AccessShareLock,t
1440520286.69444,customer,17643,AccessShareLock,t
1440520286.69444,customer,17477,AccessShareLock,t
1440520286.69444,customer,17694,RowExclusiveLock,t
1440520286.69444,customer,17472,AccessShareLock,t
1440520286.69444,district,17477,RowShareLock,t
1440520286.69444,district,17704,AccessShareLock,t
1440520286.69444,district,17704,RowExclusiveLock,t
1440520286.69444,district,17699,RowShareLock,t
1440520286.69444,district,17699,RowExclusiveLock,t
1440520286.69444,district,17679,RowShareLock,t
1440520286.69444,district,17684,RowShareLock,t
1440520286.69444,district,17689,RowExclusiveLock,t
1440520286.69444,district,17684,RowExclusiveLock,t
1440520286.69444,district,17689,AccessShareLock,t
1440520286.69444,district,17472,RowExclusiveLock,t
1440520286.69444,district,17472,RowShareLock,t
1440520286.69444,district,17477,RowExclusiveLock,t
1440520286.69444,history,17704,RowExclusiveLock,t
1440520286.69444,i_customer,17472,AccessShareLock,t
1440520286.69444,i_customer,17704,AccessShareLock,t
1440520286.69444,i_customer,17704,RowExclusiveLock,t
1440520286.69444,i_customer,17699,AccessShareLock,t
1440520286.69444,i_customer,17684,AccessShareLock,t
1440520286.69444,i_customer,17643,AccessShareLock,t
1440520286.69444,i_customer,17694,RowExclusiveLock,t
1440520286.69444,i_customer,17477,AccessShareLock,t
1440520286.69444,i_orders,17694,AccessShareLock,t
1440520286.69444,i_orders,17694,RowExclusiveLock,t
1440520286.69444,item,17472,AccessShareLock,t
1440520286.69444,item,17699,AccessShareLock,t
1440520286.69444,item,17477,AccessShareLock,t
1440520286.69444,new_order,17694,AccessShareLock,t
1440520286.69444,new_order,17694,RowExclusiveLock,t
1440520286.69444,new_order,17477,RowExclusiveLock,t
1440520286.69444,new_order,17472,RowExclusiveLock,t
1440520286.69444,new_order,17699,RowExclusiveLock,t
1440520286.69444,new_order,17684,RowExclusiveLock,t
1440520286.69444,order_line,17699,RowExclusiveLock,t
1440520286.69444,order_line,17694,AccessShareLock,t
1440520286.69444,order_line,17694,RowExclusiveLock,t
1440520286.69444,order_line,17477,RowExclusiveLock,t
1440520286.69444,order_line,17472,RowExclusiveLock,t
1440520286.69444,orders,17694,AccessShareLock,t
1440520286.69444,orders,17472,RowExclusiveLock,t
1440520286.69444,orders,17477,RowExclusiveLock,t
1440520286.69444,orders,17694,RowExclusiveLock,t
1440520286.69444,orders,17699,RowExclusiveLock,t
1440520286.69444,pg_locks,18016,AccessShareLock,t
1440520286.69444,pg_stat_all_tables,18018,AccessShareLock,t
1440520286.69444,pg_stat_database,18021,AccessShareLock,t
1440520286.69444,pg_statio_all_tables,18018,AccessShareLock,t
1440520286.69444,pk_customer,17643,AccessShareLock,t
1440520286.69444,pk_customer,17684,AccessShareLock,t
1440520286.69444,pk_customer,17699,AccessShareLock,t
1440520286.69444,pk_customer,17704,RowExclusiveLock,t
1440520286.69444,pk_customer,17704,AccessShareLock,t
1440520286.69444,pk_customer,17477,AccessShareLock,t
1440520286.69444,pk_customer,17694,RowExclusiveLock,t
1440520286.69444,pk_customer,17472,AccessShareLock,t
1440520286.69444,pk_district,17704,AccessShareLock,t
1440520286.69444,pk_district,17472,RowExclusiveLock,t
1440520286.69444,pk_district,17472,AccessShareLock,t
1440520286.69444,pk_district,17477,RowExclusiveLock,t
1440520286.69444,pk_district,17477,AccessShareLock,t
1440520286.69444,pk_district,17689,RowExclusiveLock,t
1440520286.69444,pk_district,17689,AccessShareLock,t
1440520286.69444,pk_district,17684,RowExclusiveLock,t
1440520286.69444,pk_district,17684,AccessShareLock,t
1440520286.69444,pk_district,17679,AccessShareLock,t
1440520286.69444,pk_district,17699,RowExclusiveLock,t
1440520286.69444,pk_district,17699,AccessShareLock,t
1440520286.69444,pk_district,17704,RowExclusiveLock,t
1440520286.69444,pk_item,17472,AccessShareLock,t
1440520286.69444,pk_item,17477,AccessShareLock,t
1440520286.69444,pk_item,17699,AccessShareLock,t
1440520286.69444,pk_new_order,17694,RowExclusiveLock,t
1440520286.69444,pk_new_order,17694,AccessShareLock,t
1440520286.69444,pk_order_line,17694,RowExclusiveLock,t
1440520286.69444,pk_order_line,17694,AccessShareLock,t
1440520286.69444,pk_orders,17694,AccessShareLock,t
1440520286.69444,pk_orders,17694,RowExclusiveLock,t
1440520286.69444,pk_stock,17472,AccessShareLock,t
1440520286.69444,pk_stock,17477,RowExclusiveLock,t
1440520286.69444,pk_stock,17477,AccessShareLock,t
1440520286.69444,pk_stock,17699,RowExclusiveLock,t
1440520286.69444,pk_stock,17699,AccessShareLock,t
1440520286.69444,pk_stock,17472,RowExclusiveLock,t
1440520286.69444,pk_warehouse,17689,RowExclusiveLock,t
1440520286.69444,pk_warehouse,17472,AccessShareLock,t
1440520286.69444,pk_warehouse,17689,AccessShareLock,t
1440520286.69444,pk_warehouse,17684,AccessShareLock,t
1440520286.69444,pk_warehouse,17679,AccessShareLock,t
1440520286.69444,pk_warehouse,17699,AccessShareLock,t
1440520286.69444,pk_warehouse,17704,RowExclusiveLock,t
1440520286.69444,pk_warehouse,17704,AccessShareLock,t
1440520286.69444,pk_warehouse,17477,AccessShareLock,t
1440520286.69444,stock,17472,AccessShareLock,t
1440520286.69444,stock,17477,RowExclusiveLock,t
1440520286.69444,stock,17477,AccessShareLock,t
1440520286.69444,stock,17699,RowExclusiveLock,t
1440520286.69444,stock,17699,AccessShareLock,t
1440520286.69444,stock,17472,RowExclusiveLock,t
1440520286.69444,warehouse,17477,AccessShareLock,t
1440520286.69444,warehouse,17472,AccessShareLock,t
1440520286.69444,warehouse,17704,AccessShareLock,t
1440520286.69444,warehouse,17704,RowExclusiveLock,t
1440520286.69444,warehouse,17699,AccessShareLock,t
1440520286.69444,warehouse,17679,AccessShareLock,t
1440520286.69444,warehouse,17684,AccessShareLock,t
1440520286.69444,warehouse,17689,AccessShareLock,t
1440520286.69444,warehouse,17689,RowExclusiveLock,t
1440520346.69378,customer,17694,AccessShareLock,t
1440520346.69378,customer,17679,RowExclusiveLock,t
1440520346.69378,customer,17679,AccessShareLock,t
1440520346.69378,customer,17480,AccessShareLock,t
1440520346.69378,customer,17689,AccessShareLock,t
1440520346.69378,district,17689,RowShareLock,t
1440520346.69378,district,17480,RowShareLock,t
1440520346.69378,district,17480,RowExclusiveLock,t
1440520346.69378,district,17679,AccessShareLock,t
1440520346.69378,district,17679,RowExclusiveLock,t
1440520346.69378,district,17684,AccessShareLock,t
1440520346.69378,district,17694,RowShareLock,t
1440520346.69378,district,17694,RowExclusiveLock,t
1440520346.69378,district,17689,RowExclusiveLock,t
1440520346.69378,history,17679,RowExclusiveLock,t
1440520346.69378,i_customer,17689,AccessShareLock,t
1440520346.69378,i_customer,17679,AccessShareLock,t
1440520346.69378,i_customer,17480,AccessShareLock,t
1440520346.69378,i_customer,17694,AccessShareLock,t
1440520346.69378,i_customer,17679,RowExclusiveLock,t
1440520346.69378,item,17694,AccessShareLock,t
1440520346.69378,item,17480,AccessShareLock,t
1440520346.69378,item,17689,AccessShareLock,t
1440520346.69378,new_order,17689,RowExclusiveLock,t
1440520346.69378,new_order,17694,RowExclusiveLock,t
1440520346.69378,new_order,17480,RowExclusiveLock,t
1440520346.69378,order_line,17480,RowExclusiveLock,t
1440520346.69378,order_line,17684,AccessShareLock,t
1440520346.69378,order_line,17694,RowExclusiveLock,t
1440520346.69378,order_line,17689,RowExclusiveLock,t
1440520346.69378,orders,17694,RowExclusiveLock,t
1440520346.69378,orders,17689,RowExclusiveLock,t
1440520346.69378,orders,17480,RowExclusiveLock,t
1440520346.69378,pg_locks,18047,AccessShareLock,t
1440520346.69378,pg_stat_all_tables,18048,AccessShareLock,t
1440520346.69378,pg_stat_database,18049,AccessShareLock,t
1440520346.69378,pg_statio_all_tables,18048,AccessShareLock,t
1440520346.69378,pk_customer,17679,RowExclusiveLock,t
1440520346.69378,pk_customer,17679,AccessShareLock,t
1440520346.69378,pk_customer,17694,AccessShareLock,t
1440520346.69378,pk_customer,17480,AccessShareLock,t
1440520346.69378,pk_customer,17689,AccessShareLock,t
1440520346.69378,pk_district,17689,AccessShareLock,t
1440520346.69378,pk_district,17694,RowExclusiveLock,t
1440520346.69378,pk_district,17694,AccessShareLock,t
1440520346.69378,pk_district,17684,AccessShareLock,t
1440520346.69378,pk_district,17679,RowExclusiveLock,t
1440520346.69378,pk_district,17679,AccessShareLock,t
1440520346.69378,pk_district,17480,RowExclusiveLock,t
1440520346.69378,pk_district,17480,AccessShareLock,t
1440520346.69378,pk_district,17689,RowExclusiveLock,t
1440520346.69378,pk_item,17480,AccessShareLock,t
1440520346.69378,pk_item,17694,AccessShareLock,t
1440520346.69378,pk_item,17689,AccessShareLock,t
1440520346.69378,pk_order_line,17684,AccessShareLock,t
1440520346.69378,pk_stock,17684,AccessShareLock,t
1440520346.69378,pk_stock,17480,RowExclusiveLock,t
1440520346.69378,pk_stock,17480,AccessShareLock,t
1440520346.69378,pk_stock,17689,RowExclusiveLock,t
1440520346.69378,pk_stock,17689,AccessShareLock,t
1440520346.69378,pk_stock,17694,RowExclusiveLock,t
1440520346.69378,pk_stock,17694,AccessShareLock,t
1440520346.69378,pk_warehouse,17643,AccessShareLock,t
1440520346.69378,pk_warehouse,17643,RowExclusiveLock,t
1440520346.69378,pk_warehouse,17694,AccessShareLock,t
1440520346.69378,pk_warehouse,17689,AccessShareLock,t
1440520346.69378,pk_warehouse,17480,AccessShareLock,t
1440520346.69378,pk_warehouse,17477,AccessShareLock,t
1440520346.69378,pk_warehouse,17477,RowExclusiveLock,t
1440520346.69378,pk_warehouse,17472,AccessShareLock,t
1440520346.69378,pk_warehouse,17472,RowExclusiveLock,t
1440520346.69378,pk_warehouse,17704,AccessShareLock,t
1440520346.69378,pk_warehouse,17704,RowExclusiveLock,t
1440520346.69378,pk_warehouse,17699,AccessShareLock,t
1440520346.69378,pk_warehouse,17699,RowExclusiveLock,t
1440520346.69378,pk_warehouse,17679,AccessShareLock,t
1440520346.69378,pk_warehouse,17679,RowExclusiveLock,t
1440520346.69378,stock,17480,RowExclusiveLock,t
1440520346.69378,stock,17480,AccessShareLock,t
1440520346.69378,stock,17689,RowExclusiveLock,t
1440520346.69378,stock,17689,AccessShareLock,t
1440520346.69378,stock,17694,RowExclusiveLock,t
1440520346.69378,stock,17694,AccessShareLock,t
1440520346.69378,stock,17684,AccessShareLock,t
1440520346.69378,warehouse,17472,AccessShareLock,t
1440520346.69378,warehouse,17472,RowExclusiveLock,t
1440520346.69378,warehouse,17704,AccessShareLock,t
1440520346.69378,warehouse,17704,RowExclusiveLock,t
1440520346.69378,warehouse,17699,AccessShareLock,t
1440520346.69378,warehouse,17699,RowExclusiveLock,t
1440520346.69378,warehouse,17679,AccessShareLock,t
1440520346.69378,warehouse,17643,AccessShareLock,t
1440520346.69378,warehouse,17679,RowExclusiveLock,t
1440520346.69378,warehouse,17643,RowExclusiveLock,t
1440520346.69378,warehouse,17694,AccessShareLock,t
1440520346.69378,warehouse,17689,AccessShareLock,t
1440520346.69378,warehouse,17480,AccessShareLock,t
1440520346.69378,warehouse,17477,AccessShareLock,t
1440520346.69378,warehouse,17477,RowExclusiveLock,t
1440520406.70587,customer,17699,AccessShareLock,t
1440520406.70587,i_customer,17699,AccessShareLock,t
1440520406.70587,pg_locks,18075,AccessShareLock,t
1440520406.70587,pg_stat_all_indexes,18078,AccessShareLock,t
1440520406.70587,pg_stat_all_tables,18072,AccessShareLock,t
1440520406.70587,pg_stat_database,18071,AccessShareLock,t
1440520406.70587,pg_statio_all_indexes,18078,AccessShareLock,t
1440520406.70587,pg_statio_all_tables,18072,AccessShareLock,t
1440520406.70587,pk_customer,17699,AccessShareLock,t
1440520406.70587,pk_warehouse,17643,AccessShareLock,t
1440520406.70587,pk_warehouse,17472,AccessShareLock,t
1440520406.70587,pk_warehouse,17477,AccessShareLock,t
1440520406.70587,pk_warehouse,17480,AccessShareLock,t
1440520406.70587,pk_warehouse,17689,AccessShareLock,t
1440520406.70587,pk_warehouse,17684,AccessShareLock,t
1440520406.70587,pk_warehouse,17679,AccessShareLock,t
1440520406.70587,pk_warehouse,17704,AccessShareLock,t
1440520406.70587,warehouse,17472,AccessShareLock,t
1440520406.70587,warehouse,17704,AccessShareLock,t
1440520406.70587,warehouse,17679,AccessShareLock,t
1440520406.70587,warehouse,17684,AccessShareLock,t
1440520406.70587,warehouse,17643,AccessShareLock,t
1440520406.70587,warehouse,17689,AccessShareLock,t
1440520406.70587,warehouse,17480,AccessShareLock,t
1440520406.70587,warehouse,17477,AccessShareLock,t
1440520466.70411,customer,17689,AccessShareLock,t
1440520466.70411,customer,17694,AccessShareLock,t
1440520466.70411,customer,17643,RowExclusiveLock,t
1440520466.70411,customer,17643,AccessShareLock,t
1440520466.70411,customer,17679,AccessShareLock,t
1440520466.70411,customer,17699,AccessShareLock,t
1440520466.70411,customer,17704,RowExclusiveLock,t
1440520466.70411,customer,17704,AccessShareLock,t
1440520466.70411,district,17643,AccessShareLock,t
1440520466.70411,district,17477,RowExclusiveLock,t
1440520466.70411,district,17477,AccessShareLock,t
1440520466.70411,district,17689,RowExclusiveLock,t
1440520466.70411,district,17689,RowShareLock,t
1440520466.70411,district,17694,RowExclusiveLock,t
1440520466.70411,district,17694,RowShareLock,t
1440520466.70411,district,17643,RowExclusiveLock,t
1440520466.70411,district,17679,RowExclusiveLock,t
1440520466.70411,district,17684,RowShareLock,t
1440520466.70411,district,17704,AccessShareLock,t
1440520466.70411,district,17704,RowExclusiveLock,t
1440520466.70411,district,17699,RowShareLock,t
1440520466.70411,district,17699,RowExclusiveLock,t
1440520466.70411,district,17679,RowShareLock,t
1440520466.70411,history,17643,RowExclusiveLock,t
1440520466.70411,history,17704,RowExclusiveLock,t
1440520466.70411,i_customer,17643,RowExclusiveLock,t
1440520466.70411,i_customer,17704,AccessShareLock,t
1440520466.70411,i_customer,17704,RowExclusiveLock,t
1440520466.70411,i_customer,17699,AccessShareLock,t
1440520466.70411,i_customer,17679,AccessShareLock,t
1440520466.70411,i_customer,17643,AccessShareLock,t
1440520466.70411,i_customer,17694,AccessShareLock,t
1440520466.70411,i_customer,17689,AccessShareLock,t
1440520466.70411,item,17689,AccessShareLock,t
1440520466.70411,item,17694,AccessShareLock,t
1440520466.70411,item,17679,AccessShareLock,t
1440520466.70411,new_order,17699,RowExclusiveLock,t
1440520466.70411,new_order,17679,RowExclusiveLock,t
1440520466.70411,new_order,17694,RowExclusiveLock,t
1440520466.70411,new_order,17689,RowExclusiveLock,t
1440520466.70411,order_line,17679,RowExclusiveLock,t
1440520466.70411,order_line,17694,RowExclusiveLock,t
1440520466.70411,orders,17694,RowExclusiveLock,t
1440520466.70411,orders,17689,RowExclusiveLock,t
1440520466.70411,orders,17679,RowExclusiveLock,t
1440520466.70411,pg_locks,18097,AccessShareLock,t
1440520466.70411,pg_stat_all_tables,18099,AccessShareLock,t
1440520466.70411,pg_stat_database,18098,AccessShareLock,t
1440520466.70411,pg_statio_all_tables,18099,AccessShareLock,t
1440520466.70411,pk_customer,17704,RowExclusiveLock,t
1440520466.70411,pk_customer,17689,AccessShareLock,t
1440520466.70411,pk_customer,17694,AccessShareLock,t
1440520466.70411,pk_customer,17643,RowExclusiveLock,t
1440520466.70411,pk_customer,17643,AccessShareLock,t
1440520466.70411,pk_customer,17679,AccessShareLock,t
1440520466.70411,pk_customer,17699,AccessShareLock,t
1440520466.70411,pk_customer,17704,AccessShareLock,t
1440520466.70411,pk_district,17689,AccessShareLock,t
1440520466.70411,pk_district,17477,AccessShareLock,t
1440520466.70411,pk_district,17684,AccessShareLock,t
1440520466.70411,pk_district,17679,AccessShareLock,t
1440520466.70411,pk_district,17679,RowExclusiveLock,t
1440520466.70411,pk_district,17704,AccessShareLock,t
1440520466.70411,pk_district,17477,RowExclusiveLock,t
1440520466.70411,pk_district,17643,RowExclusiveLock,t
1440520466.70411,pk_district,17694,AccessShareLock,t
1440520466.70411,pk_district,17643,AccessShareLock,t
1440520466.70411,pk_district,17694,RowExclusiveLock,t
1440520466.70411,pk_district,17689,RowExclusiveLock,t
1440520466.70411,pk_district,17704,RowExclusiveLock,t
1440520466.70411,pk_district,17699,AccessShareLock,t
1440520466.70411,pk_district,17699,RowExclusiveLock,t
1440520466.70411,pk_item,17689,AccessShareLock,t
1440520466.70411,pk_item,17679,AccessShareLock,t
1440520466.70411,pk_item,17694,AccessShareLock,t
1440520466.70411,pk_stock,17694,AccessShareLock,t
1440520466.70411,pk_stock,17689,RowExclusiveLock,t
1440520466.70411,pk_stock,17679,AccessShareLock,t
1440520466.70411,pk_stock,17679,RowExclusiveLock,t
1440520466.70411,pk_stock,17689,AccessShareLock,t
1440520466.70411,pk_stock,17694,RowExclusiveLock,t
1440520466.70411,pk_warehouse,17699,AccessShareLock,t
1440520466.70411,pk_warehouse,17704,AccessShareLock,t
1440520466.70411,pk_warehouse,17704,RowExclusiveLock,t
1440520466.70411,pk_warehouse,17679,AccessShareLock,t
1440520466.70411,pk_warehouse,17684,AccessShareLock,t
1440520466.70411,pk_warehouse,17643,AccessShareLock,t
1440520466.70411,pk_warehouse,17643,RowExclusiveLock,t
1440520466.70411,pk_warehouse,17694,AccessShareLock,t
1440520466.70411,pk_warehouse,17689,AccessShareLock,t
1440520466.70411,pk_warehouse,17477,AccessShareLock,t
1440520466.70411,pk_warehouse,17477,RowExclusiveLock,t
1440520466.70411,pk_warehouse,17472,AccessShareLock,t
1440520466.70411,pk_warehouse,17472,RowExclusiveLock,t
1440520466.70411,stock,17679,AccessShareLock,t
1440520466.70411,stock,17689,RowExclusiveLock,t
1440520466.70411,stock,17689,AccessShareLock,t
1440520466.70411,stock,17694,RowExclusiveLock,t
1440520466.70411,stock,17694,AccessShareLock,t
1440520466.70411,stock,17679,RowExclusiveLock,t
1440520466.70411,warehouse,17472,AccessShareLock,t
1440520466.70411,warehouse,17699,AccessShareLock,t
1440520466.70411,warehouse,17704,RowExclusiveLock,t
1440520466.70411,warehouse,17704,AccessShareLock,t
1440520466.70411,warehouse,17472,RowExclusiveLock,t
1440520466.70411,warehouse,17643,AccessShareLock,t
1440520466.70411,warehouse,17684,AccessShareLock,t
1440520466.70411,warehouse,17679,AccessShareLock,t
1440520466.70411,warehouse,17643,RowExclusiveLock,t
1440520466.70411,warehouse,17694,AccessShareLock,t
1440520466.70411,warehouse,17689,AccessShareLock,t
1440520466.70411,warehouse,17477,AccessShareLock,t
1440520466.70411,warehouse,17477,RowExclusiveLock,t
1440520526.70494,customer,17477,RowExclusiveLock,t
1440520526.70494,customer,17480,AccessShareLock,t
1440520526.70494,customer,17477,AccessShareLock,t
1440520526.70494,district,17477,AccessShareLock,t
1440520526.70494,district,17480,RowShareLock,t
1440520526.70494,district,17480,RowExclusiveLock,t
1440520526.70494,district,17477,RowExclusiveLock,t
1440520526.70494,history,17477,RowExclusiveLock,t
1440520526.70494,i_customer,17477,RowExclusiveLock,t
1440520526.70494,i_customer,17477,AccessShareLock,t
1440520526.70494,i_customer,17480,AccessShareLock,t
1440520526.70494,item,17480,AccessShareLock,t
1440520526.70494,new_order,17480,RowExclusiveLock,t
1440520526.70494,order_line,17480,RowExclusiveLock,t
1440520526.70494,orders,17480,RowExclusiveLock,t
1440520526.70494,pg_locks,18130,AccessShareLock,t
1440520526.70494,pg_stat_activity,18132,AccessShareLock,t
1440520526.70494,pg_stat_all_indexes,18133,AccessShareLock,t
1440520526.70494,pg_stat_database,18137,AccessShareLock,t
1440520526.70494,pk_customer,17477,AccessShareLock,t
1440520526.70494,pk_customer,17480,AccessShareLock,t
1440520526.70494,pk_customer,17477,RowExclusiveLock,t
1440520526.70494,pk_district,17477,AccessShareLock,t
1440520526.70494,pk_district,17477,RowExclusiveLock,t
1440520526.70494,pk_district,17480,AccessShareLock,t
1440520526.70494,pk_district,17480,RowExclusiveLock,t
1440520526.70494,pk_item,17480,AccessShareLock,t
1440520526.70494,pk_stock,17480,AccessShareLock,t
1440520526.70494,pk_stock,17480,RowExclusiveLock,t
1440520526.70494,pk_warehouse,17477,AccessShareLock,t
1440520526.70494,pk_warehouse,17477,RowExclusiveLock,t
1440520526.70494,pk_warehouse,17480,AccessShareLock,t
1440520526.70494,stock,17480,RowExclusiveLock,t
1440520526.70494,stock,17480,AccessShareLock,t
1440520526.70494,warehouse,17477,AccessShareLock,t
1440520526.70494,warehouse,17477,RowExclusiveLock,t
1440520526.70494,warehouse,17480,AccessShareLock,t
1440520586.71199,customer,17643,RowExclusiveLock,t
1440520586.71199,customer,17679,RowExclusiveLock,t
1440520586.71199,customer,17679,AccessShareLock,t
1440520586.71199,customer,17694,RowExclusiveLock,t
1440520586.71199,customer,17477,AccessShareLock,t
1440520586.71199,customer,17472,AccessShareLock,t
1440520586.71199,customer,17694,AccessShareLock,t
1440520586.71199,district,17480,AccessShareLock,t
1440520586.71199,district,17477,RowShareLock,t
1440520586.71199,district,17477,RowExclusiveLock,t
1440520586.71199,district,17472,RowExclusiveLock,t
1440520586.71199,district,17472,RowShareLock,t
1440520586.71199,district,17699,RowShareLock,t
1440520586.71199,district,17679,AccessShareLock,t
1440520586.71199,district,17679,RowExclusiveLock,t
1440520586.71199,district,17694,AccessShareLock,t
1440520586.71199,district,17694,RowExclusiveLock,t
1440520586.71199,district,17689,RowShareLock,t
1440520586.71199,history,17694,RowExclusiveLock,t
1440520586.71199,history,17679,RowExclusiveLock,t
1440520586.71199,i_customer,17477,AccessShareLock,t
1440520586.71199,i_customer,17472,AccessShareLock,t
1440520586.71199,i_customer,17694,AccessShareLock,t
1440520586.71199,i_customer,17679,AccessShareLock,t
1440520586.71199,i_customer,17694,RowExclusiveLock,t
1440520586.71199,i_customer,17679,RowExclusiveLock,t
1440520586.71199,i_customer,17643,RowExclusiveLock,t
1440520586.71199,i_orders,17643,AccessShareLock,t
1440520586.71199,i_orders,17643,RowExclusiveLock,t
1440520586.71199,item,17472,AccessShareLock,t
1440520586.71199,item,17477,AccessShareLock,t
1440520586.71199,new_order,17643,AccessShareLock,t
1440520586.71199,new_order,17643,RowExclusiveLock,t
1440520586.71199,new_order,17477,RowExclusiveLock,t
1440520586.71199,new_order,17472,RowExclusiveLock,t
1440520586.71199,order_line,17472,RowExclusiveLock,t
1440520586.71199,order_line,17643,AccessShareLock,t
1440520586.71199,order_line,17480,AccessShareLock,t
1440520586.71199,order_line,17477,RowExclusiveLock,t
1440520586.71199,order_line,17643,RowExclusiveLock,t
1440520586.71199,orders,17643,RowExclusiveLock,t
1440520586.71199,orders,17472,RowExclusiveLock,t
1440520586.71199,orders,17643,AccessShareLock,t
1440520586.71199,orders,17477,RowExclusiveLock,t
1440520586.71199,pg_locks,18168,AccessShareLock,t
1440520586.71199,pg_stat_all_indexes,18167,AccessShareLock,t
1440520586.71199,pg_stat_database,18164,AccessShareLock,t
1440520586.71199,pg_statio_all_indexes,18167,AccessShareLock,t
1440520586.71199,pk_customer,17477,AccessShareLock,t
1440520586.71199,pk_customer,17472,AccessShareLock,t
1440520586.71199,pk_customer,17694,RowExclusiveLock,t
1440520586.71199,pk_customer,17694,AccessShareLock,t
1440520586.71199,pk_customer,17643,RowExclusiveLock,t
1440520586.71199,pk_customer,17679,RowExclusiveLock,t
1440520586.71199,pk_customer,17679,AccessShareLock,t
1440520586.71199,pk_district,17689,AccessShareLock,t
1440520586.71199,pk_district,17480,AccessShareLock,t
1440520586.71199,pk_district,17477,AccessShareLock,t
1440520586.71199,pk_district,17477,RowExclusiveLock,t
1440520586.71199,pk_district,17679,RowExclusiveLock,t
1440520586.71199,pk_district,17679,AccessShareLock,t
1440520586.71199,pk_district,17699,AccessShareLock,t
1440520586.71199,pk_district,17472,AccessShareLock,t
1440520586.71199,pk_district,17472,RowExclusiveLock,t
1440520586.71199,pk_district,17694,AccessShareLock,t
1440520586.71199,pk_district,17694,RowExclusiveLock,t
1440520586.71199,pk_item,17472,AccessShareLock,t
1440520586.71199,pk_item,17477,AccessShareLock,t
1440520586.71199,pk_new_order,17643,RowExclusiveLock,t
1440520586.71199,pk_new_order,17643,AccessShareLock,t
1440520586.71199,pk_order_line,17643,RowExclusiveLock,t
1440520586.71199,pk_order_line,17643,AccessShareLock,t
1440520586.71199,pk_order_line,17480,AccessShareLock,t
1440520586.71199,pk_orders,17643,RowExclusiveLock,t
1440520586.71199,pk_orders,17643,AccessShareLock,t
1440520586.71199,pk_stock,17472,AccessShareLock,t
1440520586.71199,pk_stock,17480,AccessShareLock,t
1440520586.71199,pk_stock,17477,AccessShareLock,t
1440520586.71199,pk_stock,17477,RowExclusiveLock,t
1440520586.71199,pk_stock,17472,RowExclusiveLock,t
1440520586.71199,pk_warehouse,17679,RowExclusiveLock,t
1440520586.71199,pk_warehouse,17704,AccessShareLock,t
1440520586.71199,pk_warehouse,17704,RowExclusiveLock,t
1440520586.71199,pk_warehouse,17699,AccessShareLock,t
1440520586.71199,pk_warehouse,17679,AccessShareLock,t
1440520586.71199,pk_warehouse,17684,AccessShareLock,t
1440520586.71199,pk_warehouse,17684,RowExclusiveLock,t
1440520586.71199,pk_warehouse,17694,AccessShareLock,t
1440520586.71199,pk_warehouse,17694,RowExclusiveLock,t
1440520586.71199,pk_warehouse,17689,AccessShareLock,t
1440520586.71199,pk_warehouse,17477,AccessShareLock,t
1440520586.71199,pk_warehouse,17472,AccessShareLock,t
1440520586.71199,stock,17480,AccessShareLock,t
1440520586.71199,stock,17472,RowExclusiveLock,t
1440520586.71199,stock,17472,AccessShareLock,t
1440520586.71199,stock,17477,RowExclusiveLock,t
1440520586.71199,stock,17477,AccessShareLock,t
1440520586.71199,warehouse,17679,AccessShareLock,t
1440520586.71199,warehouse,17699,AccessShareLock,t
1440520586.71199,warehouse,17704,RowExclusiveLock,t
1440520586.71199,warehouse,17704,AccessShareLock,t
1440520586.71199,warehouse,17477,AccessShareLock,t
1440520586.71199,warehouse,17689,AccessShareLock,t
1440520586.71199,warehouse,17684,RowExclusiveLock,t
1440520586.71199,warehouse,17472,AccessShareLock,t
1440520586.71199,warehouse,17694,AccessShareLock,t
1440520586.71199,warehouse,17694,RowExclusiveLock,t
1440520586.71199,warehouse,17684,AccessShareLock,t
1440520586.71199,warehouse,17679,RowExclusiveLock,t
